Date,Open,High,Low,Close,Promedio,Quantity,Volume,Name
2015-01-05,2.93,2.93,2.85,2.85,2.87,101936,292574.7,UNACEMC1
2015-01-06,2.85,2.85,2.8,2.8,2.83,326363,923690.43,UNACEMC1
2015-01-07,2.8,2.82,2.8,2.8,2.8,1234893,3457964.4,UNACEMC1
2015-01-08,2.81,2.81,2.8,2.8,2.81,42314,118783.95,UNACEMC1
2015-01-09,2.8,2.8,2.76,2.8,2.79,19927,55540.6,UNACEMC1
2015-01-12,2.76,2.76,2.76,2.76,2.76,138917,383450.92,UNACEMC1
2015-01-13,2.72,2.72,2.7,2.72,2.71,71553,194261.54,UNACEMC1
2015-01-14,2.65,2.65,2.6,2.6,2.6,2095250,5451250,UNACEMC1
2015-01-15,2.6,2.6,2.55,2.55,2.58,497250,1282850,UNACEMC1
2015-01-16,2.54,2.54,2.5,2.5,2.53,78518,198513.48,UNACEMC1
2015-01-19,2.51,2.52,2.51,2.52,2.51,92869,233219.88,UNACEMC1
2015-01-20,2.55,2.55,2.52,2.53,2.52,837362,2110382.24,UNACEMC1
2015-01-21,2.53,2.55,2.52,2.55,2.52,167145,421554.61,UNACEMC1
2015-01-22,2.56,2.6,2.55,2.6,2.59,477062,1236943.9,UNACEMC1
2015-01-23,2.56,2.62,2.56,2.62,2.62,597580,1565372.8,UNACEMC1
2015-01-26,2.62,2.64,2.62,2.64,2.64,21800,57476,UNACEMC1
2015-01-27,2.64,2.68,2.64,2.66,2.66,198672,527554.32,UNACEMC1
2015-01-28,2.66,2.7,2.66,2.69,2.7,1281297,3458531.1,UNACEMC1
2015-01-29,2.69,2.7,2.67,2.7,2.69,754061,2032039.75,UNACEMC1
2015-01-30,2.69,2.69,2.62,2.66,2.63,179157,471637.33,UNACEMC1
2015-02-02,2.58,2.58,2.54,2.54,2.57,318287,818048.98,UNACEMC1
2015-02-03,2.54,2.54,2.5,2.5,2.52,234534,591042.7,UNACEMC1
2015-02-04,2.5,2.55,2.5,2.55,2.51,251188,630270,UNACEMC1
2015-02-05,2.55,2.57,2.52,2.52,2.55,201905,514124.87,UNACEMC1
2015-02-06,2.51,2.51,2.51,2.51,2.51,154065,386703.15,UNACEMC1
2015-02-09,2.51,2.51,2.45,2.45,2.45,99132,243221.4,UNACEMC1
2015-02-10,2.46,2.46,2.46,2.46,2.46,175421,431535.66,UNACEMC1
2015-02-11,2.46,2.46,2.46,2.46,2.46,83266,204834.36,UNACEMC1
2015-02-12,2.46,2.46,2.46,2.46,2.46,57200,140712,UNACEMC1
2015-02-13,2.46,2.52,2.46,2.52,2.48,69872,173337.44,UNACEMC1
2015-02-16,2.52,2.53,2.52,2.53,2.53,36310,91794.17,UNACEMC1
2015-02-17,2.53,2.53,2.5,2.5,2.51,167194,419600.08,UNACEMC1
2015-02-18,2.5,2.5,2.45,2.45,2.48,84339,209183.76,UNACEMC1
2015-02-19,2.45,2.45,2.37,2.37,2.42,620740,1504429,UNACEMC1
2015-02-20,2.37,2.37,2.36,2.36,2.36,92030,217428.44,UNACEMC1
2015-02-23,2.36,2.36,2.34,2.34,2.35,240004,565023.36,UNACEMC1
2015-02-24,2.34,2.34,2.3,2.3,2.3,463422,1066337.05,UNACEMC1
2015-02-25,2.23,2.25,2.23,2.24,2.23,494789,1104867.47,UNACEMC1
2015-02-26,2.22,2.22,2.16,2.17,2.17,506572,1099204.24,UNACEMC1
2015-02-27,2.17,2.2,2.16,2.2,2.17,1161527,2520052.14,UNACEMC1
2015-03-02,2.2,2.23,2.2,2.23,2.21,439273,970329.54,UNACEMC1
2015-03-03,2.23,2.25,2.23,2.25,2.24,536600,1201350,UNACEMC1
2015-03-04,2.25,2.25,2.25,2.25,2.25,302676,681021,UNACEMC1
2015-03-05,2.25,2.3,2.25,2.3,2.28,99627,227066.46,UNACEMC1
2015-03-06,2.3,2.31,2.3,2.31,2.3,554325,1274985.07,UNACEMC1
2015-03-09,2.31,2.31,2.25,2.25,2.29,76272,174388.4,UNACEMC1
2015-03-10,2.2,2.2,2.2,2.2,2.2,123807,272375.4,UNACEMC1
2015-03-11,2.25,2.25,2.25,2.25,2.25,840948,1892133,UNACEMC1
2015-03-12,2.25,2.27,2.25,2.27,2.27,563329,1278574.83,UNACEMC1
2015-03-13,2.27,2.27,2.27,2.27,2.27,117248,266152.96,UNACEMC1
2015-03-16,2.27,2.27,2.27,2.27,2.27,90539,205523.53,UNACEMC1
2015-03-17,2.28,2.3,2.28,2.3,2.29,437343,1001888.9,UNACEMC1
2015-03-18,2.3,2.3,2.3,2.3,2.3,13003,29906.9,UNACEMC1
2015-03-19,2.31,2.31,2.3,2.3,2.3,101800,234646,UNACEMC1
2015-03-20,2.3,2.31,2.3,2.31,2.31,202891,468310.23,UNACEMC1
2015-03-23,2.31,2.32,2.3,2.32,2.32,147036,340687.52,UNACEMC1
2015-03-24,2.32,2.32,2.32,2.32,2.32,223330,518125.6,UNACEMC1
2015-03-25,2.32,2.33,2.32,2.32,2.32,424652,985372.64,UNACEMC1
2015-03-26,2.32,2.32,2.32,2.32,2.32,22000,51040,UNACEMC1
2015-03-27,2.33,2.33,2.33,2.33,2.33,256000,596480,UNACEMC1
2015-03-30,2.3,2.3,2.3,2.3,2.3,48236,111025.3,UNACEMC1
2015-03-31,2.32,2.33,2.32,2.33,2.33,161777,376910.41,UNACEMC1
2015-04-01,2.33,2.34,2.33,2.34,2.33,119300,278495.33,UNACEMC1
2015-04-06,2.37,2.37,2.37,2.37,2.37,193639,458924.43,UNACEMC1
2015-04-07,2.37,2.38,2.37,2.38,2.38,63603,151266.94,UNACEMC1
2015-04-08,2.35,2.35,2.35,2.35,2.35,24344,57248.9,UNACEMC1
2015-04-09,2.35,2.35,2.35,2.35,2.35,0,0,UNACEMC1
2015-04-10,2.35,2.35,2.35,2.35,2.35,0,0,UNACEMC1
2015-04-13,2.35,2.35,2.35,2.35,2.35,1500,3525,UNACEMC1
2015-04-14,2.35,2.35,2.35,2.35,2.35,124108,291653.8,UNACEMC1
2015-04-15,2.32,2.32,2.32,2.32,2.32,290990,675096.8,UNACEMC1
2015-04-16,2.32,2.32,2.3,2.3,2.3,16380258,37674771.4,UNACEMC1
2015-04-17,2.3,2.31,2.3,2.31,2.31,64773,149577.9,UNACEMC1
2015-04-20,2.35,2.35,2.35,2.35,2.35,700000,1645000,UNACEMC1
2015-04-21,2.35,2.35,2.35,2.35,2.35,0,0,UNACEMC1
2015-04-22,2.35,2.35,2.35,2.35,2.35,0,0,UNACEMC1
2015-04-23,2.35,2.35,2.35,2.35,2.35,0,0,UNACEMC1
2015-04-24,2.28,2.28,2.28,2.28,2.28,6428,14655.84,UNACEMC1
2015-04-27,2.3,2.32,2.29,2.31,2.3,218775,503218.88,UNACEMC1
2015-04-28,2.32,2.32,2.32,2.32,2.32,260320,603942.4,UNACEMC1
2015-04-29,2.32,2.36,2.32,2.36,2.34,85337,199619.77,UNACEMC1
2015-04-30,2.36,2.45,2.36,2.45,2.41,1028104,2475613.66,UNACEMC1
2015-05-04,2.45,2.45,2.45,2.45,2.45,10210,25014.5,UNACEMC1
2015-05-05,2.46,2.48,2.46,2.46,2.47,765959,1889740.14,UNACEMC1
2015-05-06,2.46,2.46,2.44,2.45,2.45,246462,604597.86,UNACEMC1
2015-05-07,2.46,2.47,2.46,2.46,2.46,57762,142369.52,UNACEMC1
2015-05-08,2.46,2.46,2.46,2.46,2.46,13584,33421.64,UNACEMC1
2015-05-11,2.46,2.46,2.4,2.42,2.43,1053475,2559412.9,UNACEMC1
2015-05-12,2.42,2.42,2.42,2.42,2.43,2360,5731,UNACEMC1
2015-05-13,2.42,2.42,2.42,2.42,2.42,5512,13339.04,UNACEMC1
2015-05-14,2.41,2.42,2.41,2.42,2.41,81347,196097.74,UNACEMC1
2015-05-15,2.42,2.42,2.4,2.4,2.42,220248,532933.56,UNACEMC1
2015-05-18,2.42,2.42,2.4,2.4,2.42,0,0,UNACEMC1
2015-05-19,2.33,2.33,2.33,2.33,2.33,2000,4669.8,UNACEMC1
2015-05-20,2.35,2.35,2.35,2.35,2.35,143608,337478.8,UNACEMC1
2015-05-21,2.37,2.37,2.37,2.37,2.37,21918,51945.66,UNACEMC1
2015-05-22,2.37,2.38,2.37,2.38,2.38,25652,60995.24,UNACEMC1
2015-05-25,2.38,2.38,2.38,2.38,2.38,20000,47600,UNACEMC1
2015-05-26,2.38,2.38,2.33,2.33,2.35,940530,2209498.22,UNACEMC1
2015-05-27,2.33,2.33,2.32,2.32,2.33,23000,53490,UNACEMC1
2015-05-28,2.32,2.32,2.3,2.32,2.31,27781,64252.92,UNACEMC1
2015-05-29,2.32,2.4,2.32,2.4,2.37,470563,1116712.88,UNACEMC1
2015-06-01,2.4,2.4,2.37,2.37,2.37,85075,201746.18,UNACEMC1
2015-06-02,2.36,2.36,2.35,2.36,2.36,1086223,2563158.63,UNACEMC1
2015-06-03,2.36,2.36,2.36,2.36,2.36,2525,5959,UNACEMC1
2015-06-04,2.36,2.36,2.35,2.35,2.35,19686,46342.1,UNACEMC1
2015-06-05,2.36,2.36,2.36,2.36,2.36,53092,125292.53,UNACEMC1
2015-06-08,2.36,2.36,2.36,2.36,2.36,1200,2832,UNACEMC1
2015-06-09,2.34,2.34,2.34,2.34,2.34,10100,23634,UNACEMC1
2015-06-10,2.33,2.33,2.33,2.33,2.33,100656,234528.48,UNACEMC1
2015-06-11,2.4,2.4,2.4,2.4,2.4,77585,186194,UNACEMC1
2015-06-12,2.4,2.42,2.4,2.4,2.41,75000,180800,UNACEMC1
2015-06-15,2.4,2.42,2.4,2.4,2.41,0,0,UNACEMC1
2015-06-16,2.42,2.42,2.4,2.4,2.42,1252284,3025481.6,UNACEMC1
2015-06-17,2.44,2.45,2.44,2.45,2.45,53622,131343.9,UNACEMC1
2015-06-18,2.47,2.47,2.47,2.47,2.47,202023,498996.81,UNACEMC1
2015-06-19,2.5,2.5,2.48,2.48,2.5,999354,2496951.46,UNACEMC1
2015-06-22,2.49,2.5,2.49,2.5,2.5,194663,486407.5,UNACEMC1
2015-06-23,2.49,2.5,2.49,2.5,2.5,1120,2800,UNACEMC1
2015-06-24,2.48,2.48,2.45,2.45,2.48,108887,269773.15,UNACEMC1
2015-06-25,2.42,2.42,2.42,2.42,2.42,15940,38574.8,UNACEMC1
2015-06-26,2.42,2.42,2.42,2.42,2.42,12400,30008,UNACEMC1
2015-06-30,2.45,2.46,2.42,2.46,2.44,279543,682594.06,UNACEMC1
2015-07-01,2.46,2.47,2.46,2.47,2.46,136463,335802.03,UNACEMC1
2015-07-02,2.47,2.5,2.47,2.5,2.49,107777,268621.03,UNACEMC1
2015-07-03,2.5,2.51,2.5,2.51,2.51,100528,252065.28,UNACEMC1
2015-07-06,2.5,2.5,2.5,2.5,2.5,62383,155965.64,UNACEMC1
2015-07-07,2.5,2.5,2.45,2.5,2.47,121571,300295.9,UNACEMC1
2015-07-08,2.5,2.5,2.5,2.5,2.5,14690,36725,UNACEMC1
2015-07-09,2.5,2.5,2.5,2.5,2.5,301,752.5,UNACEMC1
2015-07-10,2.5,2.5,2.5,2.5,2.5,0,0,UNACEMC1
2015-07-13,2.5,2.5,2.5,2.5,2.5,7980,19950,UNACEMC1
2015-07-14,2.5,2.51,2.5,2.51,2.51,67991,170492.5,UNACEMC1
2015-07-15,2.51,2.51,2.45,2.45,2.51,117242,293842.42,UNACEMC1
2015-07-16,2.5,2.51,2.5,2.51,2.5,4672091,11681472.83,UNACEMC1
2015-07-17,2.5,2.51,2.5,2.51,2.5,567670,1419825,UNACEMC1
2015-07-20,2.5,2.51,2.5,2.5,2.5,80586,201666.5,UNACEMC1
2015-07-21,2.5,2.5,2.45,2.45,2.49,149172,371945.2,UNACEMC1
2015-07-22,2.45,2.45,2.45,2.45,2.45,2000,4900,UNACEMC1
2015-07-23,2.45,2.45,2.45,2.45,2.45,0,0,UNACEMC1
2015-07-24,2.4,2.4,2.4,2.4,2.4,22184,53241.6,UNACEMC1
2015-07-30,2.4,2.4,2.4,2.4,2.4,425965,1022316,UNACEMC1
2015-07-31,2.4,2.4,2.4,2.4,2.4,2440,5856,UNACEMC1
2015-08-03,2.4,2.4,2.4,2.4,2.4,11785,28284,UNACEMC1
2015-08-04,2.4,2.4,2.4,2.4,2.4,0,0,UNACEMC1
2015-08-05,2.38,2.38,2.38,2.38,2.38,2072,4931.36,UNACEMC1
2015-08-06,2.33,2.33,2.33,2.33,2.33,46959,109414.47,UNACEMC1
2015-08-07,2.32,2.32,2.32,2.32,2.32,120000,278400,UNACEMC1
2015-08-10,2.32,2.32,2.32,2.32,2.32,5350,12412,UNACEMC1
2015-08-11,2.29,2.29,2.27,2.27,2.29,353598,808946.06,UNACEMC1
2015-08-12,2.27,2.27,2.23,2.23,2.25,46010,103575.82,UNACEMC1
2015-08-13,2.22,2.22,2.22,2.22,2.22,5000,11100,UNACEMC1
2015-08-14,2.2,2.2,2.03,2.03,2.1,1202717,2525288.3,UNACEMC1
2015-08-17,2.03,2.04,2.01,2.04,2.03,418551,848716.17,UNACEMC1
2015-08-18,2.04,2.04,2.03,2.03,2.03,1419600,2886389.83,UNACEMC1
2015-08-19,2.01,2.01,2,2,2.01,90508,181616,UNACEMC1
2015-08-20,2,2,1.95,1.95,1.96,164013,322075.35,UNACEMC1
2015-08-21,1.9,1.9,1.81,1.81,1.87,169652,318037.02,UNACEMC1
2015-08-24,1.75,1.75,1.74,1.74,1.74,109057,190269.98,UNACEMC1
2015-08-25,1.74,1.78,1.74,1.78,1.76,367351,648143.53,UNACEMC1
2015-08-26,1.8,1.8,1.8,1.8,1.8,19000,34200,UNACEMC1
2015-08-27,1.8,1.9,1.8,1.9,1.88,103140,194070.52,UNACEMC1
2015-08-28,2,2,2,2,2,476691,953382,UNACEMC1
2015-08-31,2,2,1.96,2,1.97,124024,243772.8,UNACEMC1
2015-09-01,1.98,1.98,1.98,1.98,1.98,144385,285886.3,UNACEMC1
2015-09-02,1.98,1.98,1.98,1.98,1.98,0,0,UNACEMC1
2015-09-03,1.98,1.98,1.98,1.98,1.98,0,0,UNACEMC1
2015-09-04,1.96,1.96,1.92,1.92,1.95,74852,145761.36,UNACEMC1
2015-09-07,1.94,1.94,1.9,1.91,1.92,242000,464522.47,UNACEMC1
2015-09-08,1.91,1.91,1.88,1.88,1.89,188813,356363.44,UNACEMC1
2015-09-09,1.88,1.88,1.85,1.85,1.85,171737,317803.45,UNACEMC1
2015-09-10,1.85,1.9,1.85,1.9,1.87,36828,68831.8,UNACEMC1
2015-09-11,1.9,1.9,1.9,1.9,1.9,12500,23750,UNACEMC1
2015-09-14,1.93,1.93,1.9,1.9,1.9,59236,112801.9,UNACEMC1
2015-09-15,1.9,1.9,1.9,1.9,1.9,101900,193610,UNACEMC1
2015-09-16,1.9,1.93,1.9,1.93,1.92,109320,209863.79,UNACEMC1
2015-09-17,2,2,2,2,2,20000,40000,UNACEMC1
2015-09-18,1.93,1.93,1.93,1.93,1.93,75632,145969.76,UNACEMC1
2015-09-21,1.93,1.93,1.93,1.93,1.93,0,0,UNACEMC1
2015-09-22,1.9,1.9,1.9,1.9,1.9,173632,329900.8,UNACEMC1
2015-09-23,1.9,1.9,1.9,1.9,1.9,3353,6370.7,UNACEMC1
2015-09-24,1.85,1.89,1.85,1.89,1.89,84749,160055.01,UNACEMC1
2015-09-25,1.85,1.85,1.85,1.85,1.85,10950,20257.5,UNACEMC1
2015-09-28,1.85,1.85,1.85,1.85,1.85,27568,51000.8,UNACEMC1
2015-09-29,1.85,1.85,1.85,1.85,1.85,81650,151052.5,UNACEMC1
2015-09-30,1.85,1.87,1.85,1.87,1.85,113844,210756.84,UNACEMC1
2015-10-01,1.87,1.87,1.83,1.83,1.85,72191,133575.53,UNACEMC1
2015-10-02,1.82,1.82,1.8,1.8,1.8,156783,282509.4,UNACEMC1
2015-10-05,1.8,1.8,1.8,1.8,1.8,19452,35013.6,UNACEMC1
2015-10-06,1.8,1.8,1.8,1.8,1.8,1408,2534.4,UNACEMC1
2015-10-07,1.8,1.8,1.8,1.8,1.8,100713,181283.4,UNACEMC1
2015-10-12,1.83,1.83,1.83,1.83,1.83,447632,819166.56,UNACEMC1
2015-10-13,1.8,1.8,1.8,1.8,1.8,55928,100670.4,UNACEMC1
2015-10-14,1.8,1.8,1.8,1.8,1.8,25358,45644.4,UNACEMC1
2015-10-15,1.84,1.84,1.84,1.84,1.84,400000,736000,UNACEMC1
2015-10-16,1.76,1.78,1.74,1.75,1.76,480220,843416.36,UNACEMC1
2015-10-19,1.74,1.74,1.74,1.74,1.74,6260,10892.4,UNACEMC1
2015-10-20,1.76,1.77,1.76,1.77,1.77,60000,106100,UNACEMC1
2015-10-21,1.76,1.77,1.76,1.77,1.77,1600,2832,UNACEMC1
2015-10-22,1.77,1.78,1.77,1.77,1.77,125913,222946.01,UNACEMC1
2015-10-23,1.77,1.77,1.76,1.76,1.76,66451,116977.26,UNACEMC1
2015-10-26,1.75,1.75,1.75,1.75,1.75,5750,10062.5,UNACEMC1
2015-10-27,1.74,1.75,1.74,1.75,1.75,455997,796396.17,UNACEMC1
2015-10-28,1.75,1.75,1.75,1.75,1.75,205305,359283.75,UNACEMC1
2015-10-29,1.75,1.76,1.75,1.76,1.75,117127,205310.66,UNACEMC1
2015-10-30,1.76,1.76,1.75,1.75,1.75,95066,166465.5,UNACEMC1
2015-11-02,1.76,1.76,1.75,1.75,1.75,471,824.25,UNACEMC1
2015-11-03,1.77,1.77,1.77,1.77,1.77,51240,90694.8,UNACEMC1
2015-11-04,1.77,1.77,1.77,1.77,1.77,0,0,UNACEMC1
2015-11-05,1.78,1.78,1.78,1.78,1.78,181000,322180,UNACEMC1
2015-11-06,1.79,1.79,1.79,1.79,1.79,31600,56564,UNACEMC1
2015-11-09,1.81,1.81,1.81,1.81,1.81,9000,16290,UNACEMC1
2015-11-10,1.85,1.85,1.85,1.85,1.85,103000,190550,UNACEMC1
2015-11-11,1.85,1.85,1.85,1.85,1.85,0,0,UNACEMC1
2015-11-12,1.85,1.85,1.85,1.85,1.85,0,0,UNACEMC1
2015-11-13,1.85,1.85,1.83,1.83,1.84,74715,137642.75,UNACEMC1
2015-11-16,1.83,1.83,1.83,1.83,1.83,10000,18300,UNACEMC1
2015-11-17,1.83,1.83,1.8,1.8,1.8,1887165,3397197,UNACEMC1
2015-11-18,1.83,1.83,1.8,1.8,1.8,0,0,UNACEMC1
2015-11-19,1.78,1.78,1.75,1.75,1.77,773095,1368816.25,UNACEMC1
2015-11-20,1.78,1.78,1.75,1.75,1.77,0,0,UNACEMC1
2015-11-23,1.78,1.78,1.75,1.75,1.77,0,0,UNACEMC1
2015-11-24,1.78,1.78,1.75,1.75,1.77,0,0,UNACEMC1
2015-11-25,1.73,1.73,1.73,1.73,1.73,103655,179323.15,UNACEMC1
2015-11-26,1.72,1.72,1.72,1.72,1.72,8300,14276,UNACEMC1
2015-11-27,1.7,1.7,1.7,1.7,1.7,95250,161925,UNACEMC1
2015-11-30,1.7,1.7,1.7,1.7,1.7,9848,16741.6,UNACEMC1
2015-12-01,1.7,1.7,1.7,1.7,1.7,0,0,UNACEMC1
2015-12-02,1.7,1.7,1.7,1.7,1.7,0,0,UNACEMC1
2015-12-03,1.7,1.7,1.7,1.7,1.7,15999,27198.3,UNACEMC1
2015-12-04,1.73,1.73,1.73,1.73,1.73,41001,70931.73,UNACEMC1
2015-12-07,1.73,1.73,1.73,1.73,1.73,4000,6920,UNACEMC1
2015-12-09,1.73,1.73,1.73,1.73,1.73,0,0,UNACEMC1
2015-12-10,1.7,1.7,1.69,1.69,1.7,15749,26732.31,UNACEMC1
2015-12-11,1.7,1.7,1.7,1.7,1.7,29000,49292.23,UNACEMC1
2015-12-14,1.7,1.7,1.7,1.7,1.7,408,652.8,UNACEMC1
2015-12-15,1.65,1.65,1.65,1.65,1.65,220000,363000,UNACEMC1
2015-12-16,1.62,1.62,1.6,1.6,1.62,432857,700571.2,UNACEMC1
2015-12-17,1.6,1.62,1.6,1.62,1.62,39796,64273.6,UNACEMC1
2015-12-18,1.6,1.62,1.6,1.62,1.62,0,0,UNACEMC1
2015-12-21,1.6,1.62,1.6,1.62,1.62,0,0,UNACEMC1
2015-12-22,1.62,1.62,1.62,1.62,1.62,28000,45360,UNACEMC1
2015-12-23,1.62,1.62,1.62,1.62,1.62,0,0,UNACEMC1
2015-12-24,1.62,1.62,1.62,1.62,1.62,0,0,UNACEMC1
2015-12-28,1.6,1.6,1.6,1.6,1.6,171790,274876.34,UNACEMC1
2015-12-29,1.6,1.6,1.6,1.6,1.6,420891,673425.6,UNACEMC1
2015-12-30,1.63,1.64,1.63,1.64,1.63,44300,72402,UNACEMC1
2015-12-31,1.66,1.7,1.66,1.7,1.68,20000,33600,UNACEMC1
2016-01-04,1.66,1.7,1.66,1.7,1.68,0,0,UNACEMC1
2016-01-05,1.73,1.73,1.73,1.73,1.73,3500,6055,UNACEMC1
2016-01-06,1.73,1.73,1.73,1.73,1.73,0,0,UNACEMC1
2016-01-07,1.65,1.65,1.65,1.65,1.65,50000,82500,UNACEMC1
2016-01-08,1.6,1.6,1.6,1.6,1.6,5000,8000,UNACEMC1
2016-01-11,1.6,1.6,1.6,1.6,1.6,4000,6400,UNACEMC1
2016-01-12,1.57,1.57,1.57,1.57,1.57,6791,10661.87,UNACEMC1
2016-01-13,1.57,1.57,1.57,1.57,1.57,190000,298300,UNACEMC1
2016-01-14,1.54,1.54,1.54,1.54,1.54,2668166,4108975.64,UNACEMC1
2016-01-15,1.54,1.54,1.54,1.54,1.54,0,0,UNACEMC1
2016-01-18,1.54,1.54,1.54,1.54,1.54,201000,309495.7,UNACEMC1
2016-01-19,1.54,1.54,1.54,1.54,1.54,409387,630455.98,UNACEMC1
2016-01-20,1.54,1.54,1.54,1.54,1.54,0,0,UNACEMC1
2016-01-21,1.54,1.54,1.54,1.54,1.54,0,0,UNACEMC1
2016-01-22,1.54,1.54,1.54,1.54,1.54,7230,11134.2,UNACEMC1
2016-01-25,1.54,1.54,1.54,1.54,1.54,0,0,UNACEMC1
2016-01-26,1.54,1.54,1.54,1.54,1.54,0,0,UNACEMC1
2016-01-27,1.54,1.54,1.54,1.54,1.54,0,0,UNACEMC1
2016-01-28,1.54,1.54,1.54,1.54,1.54,0,0,UNACEMC1
2016-01-29,1.48,1.48,1.45,1.45,1.46,500000,731000,UNACEMC1
2016-02-01,1.45,1.45,1.35,1.35,1.36,1480360,2015616.5,UNACEMC1
2016-02-02,1.35,1.35,1.3,1.3,1.31,1639000,2144940,UNACEMC1
2016-02-03,1.3,1.3,1.3,1.3,1.3,162200,210860,UNACEMC1
2016-02-04,1.3,1.3,1.3,1.3,1.3,238926,310603.8,UNACEMC1
2016-02-05,1.32,1.35,1.32,1.35,1.33,45000,59700,UNACEMC1
2016-02-08,1.32,1.35,1.32,1.35,0,0,0,UNACEMC1
2016-02-09,1.4,1.4,1.4,1.4,1.4,24000,33600,UNACEMC1
2016-02-10,1.4,1.4,1.4,1.4,1.4,166720,233408,UNACEMC1
2016-02-11,1.4,1.4,1.35,1.35,1.36,23350,31847.5,UNACEMC1
2016-02-12,1.35,1.35,1.35,1.35,1.35,100000,135000,UNACEMC1
2016-02-15,1.34,1.35,1.34,1.35,1.34,357335,478902.25,UNACEMC1
2016-02-16,1.35,1.35,1.33,1.34,1.33,159443,212601.19,UNACEMC1
2016-02-17,1.35,1.35,1.33,1.34,1.34,4710,6311.4,UNACEMC1
2016-02-18,1.34,1.34,1.34,1.34,1.34,80000,107200,UNACEMC1
2016-02-19,1.34,1.34,1.34,1.34,1.33,1500,1995,UNACEMC1
2016-02-22,1.34,1.37,1.34,1.35,1.36,79535,107948.9,UNACEMC1
2016-02-23,1.35,1.35,1.35,1.35,1.35,43378,58560.3,UNACEMC1
2016-02-24,1.35,1.35,1.35,1.35,1.35,200000,270000,UNACEMC1
2016-02-25,1.35,1.35,1.35,1.35,1.35,510337,688954.95,UNACEMC1
2016-02-26,1.35,1.35,1.35,1.35,1.35,848,1144.8,UNACEMC1
2016-02-29,1.37,1.41,1.37,1.4,1.4,109856,153530,UNACEMC1
2016-03-01,1.45,1.5,1.45,1.5,1.47,89035,130820.5,UNACEMC1
2016-03-02,1.48,1.5,1.48,1.5,1.48,117202,173616.5,UNACEMC1
2016-03-03,1.5,1.5,1.5,1.5,1.5,60080,90120,UNACEMC1
2016-03-04,1.53,1.56,1.53,1.56,1.54,12388,19089.66,UNACEMC1
2016-03-07,1.56,1.65,1.56,1.65,1.64,98295,161298,UNACEMC1
2016-03-08,1.65,1.66,1.65,1.66,1.66,315500,523532.25,UNACEMC1
2016-03-09,1.66,1.7,1.66,1.7,1.69,40739,68926.5,UNACEMC1
2016-03-10,1.73,1.78,1.73,1.78,1.77,53548,94577.74,UNACEMC1
2016-03-11,1.81,1.83,1.81,1.83,1.81,226668,410600.12,UNACEMC1
2016-03-14,1.85,1.85,1.85,1.85,1.85,36209,66986.65,UNACEMC1
2016-03-15,1.85,1.85,1.85,1.85,1.85,15000,27750,UNACEMC1
2016-03-16,1.85,1.85,1.8,1.8,1.82,144947,264274.6,UNACEMC1
2016-03-17,1.8,1.86,1.8,1.86,1.83,178858,328174.1,UNACEMC1
2016-03-18,1.86,2.05,1.86,2.05,1.98,302081,597756.05,UNACEMC1
2016-03-21,2.05,2.19,2.05,2.18,2.16,312556,676285,UNACEMC1
2016-03-22,2.15,2.15,2.15,2.15,2.15,65401,140612.15,UNACEMC1
2016-03-23,2.2,2.25,2.2,2.24,2.25,577627,1297129.75,UNACEMC1
2016-03-28,2.17,2.17,2.17,2.17,2.2,6150,13531,UNACEMC1
2016-03-29,2.17,2.17,2.17,2.17,2.2,0,0,UNACEMC1
2016-03-30,2.17,2.25,2.17,2.25,2.2,114960,252483.73,UNACEMC1
2016-03-31,2.24,2.25,2.23,2.25,2.25,426125,957184.44,UNACEMC1
2016-04-01,2.25,2.25,2.25,2.25,2.25,8000,18000,UNACEMC1
2016-04-04,2.2,2.2,2.2,2.2,2.2,5000,11000,UNACEMC1
2016-04-05,2.19,2.19,2.1,2.1,2.14,116381,249597.46,UNACEMC1
2016-04-06,1.96,1.98,1.9,1.98,1.94,27206,52667.68,UNACEMC1
2016-04-07,1.9,1.95,1.85,1.89,1.9,597732,1137444,UNACEMC1
2016-04-08,1.85,2,1.85,2,1.88,113126,213002.55,UNACEMC1
2016-04-11,2.11,2.35,2.11,2.35,2.3,2406023,5533463.02,UNACEMC1
2016-04-12,2.35,2.5,2.35,2.5,2.46,1332377,3279092.5,UNACEMC1
2016-04-13,2.5,2.55,2.47,2.55,2.48,606136,1504362.45,UNACEMC1
2016-04-14,2.5,2.5,2.46,2.46,2.48,185343,459769.24,UNACEMC1
2016-04-15,2.5,2.5,2.5,2.5,2.5,2588747,6471867.5,UNACEMC1
2016-04-18,2.55,2.6,2.55,2.6,2.58,15500,40025,UNACEMC1
2016-04-19,2.7,2.75,2.7,2.75,2.73,246630,673896.6,UNACEMC1
2016-04-20,2.75,2.8,2.75,2.8,2.79,283037,790211.12,UNACEMC1
2016-04-21,2.8,2.85,2.8,2.85,2.84,53965,153393.5,UNACEMC1
2016-04-22,2.85,2.85,2.8,2.8,2.83,21200,59920,UNACEMC1
2016-04-25,2.7,2.7,2.62,2.7,2.67,21422,57166.16,UNACEMC1
2016-04-26,2.65,2.65,2.65,2.65,2.65,91532,242559.8,UNACEMC1
2016-04-27,2.65,2.7,2.65,2.7,2.7,537284,1449202.08,UNACEMC1
2016-04-28,2.67,2.67,2.66,2.66,2.66,10166,27069.33,UNACEMC1
2016-04-29,2.66,2.85,2.66,2.85,2.8,413716,1159366.48,UNACEMC1
2016-05-02,2.9,2.95,2.9,2.94,2.94,188400,553883.35,UNACEMC1
2016-05-03,2.9,2.95,2.9,2.94,2.94,0,0,UNACEMC1
2016-05-04,2.89,2.89,2.85,2.85,2.86,29424,84049.48,UNACEMC1
2016-05-05,2.89,2.89,2.85,2.85,2.86,0,0,UNACEMC1
2016-05-06,2.75,2.75,2.65,2.75,2.68,300397,805277.05,UNACEMC1
2016-05-09,2.73,2.73,2.73,2.73,2.73,23332,63696.36,UNACEMC1
2016-05-10,2.75,2.75,2.7,2.7,2.73,63805,173886.75,UNACEMC1
2016-05-11,2.7,2.7,2.7,2.7,2.7,97000,261900,UNACEMC1
2016-05-12,2.75,2.75,2.75,2.75,2.75,30000,82500,UNACEMC1
2016-05-13,2.8,2.85,2.75,2.75,2.77,727000,2014935,UNACEMC1
2016-05-16,2.8,2.85,2.75,2.75,2.77,0,0,UNACEMC1
2016-05-17,2.72,2.75,2.7,2.7,2.72,32365,88038,UNACEMC1
2016-05-18,2.7,2.7,2.69,2.69,2.7,59473,160547.1,UNACEMC1
2016-05-19,2.65,2.65,2.65,2.65,2.65,125200,331780,UNACEMC1
2016-05-20,2.6,2.62,2.6,2.61,2.61,15500,40445,UNACEMC1
2016-05-23,2.61,2.61,2.61,2.61,2.61,3000,7830,UNACEMC1
2016-05-24,2.61,2.63,2.61,2.63,2.63,35383,92996.89,UNACEMC1
2016-05-25,2.63,2.63,2.63,2.63,2.63,4065,10690.95,UNACEMC1
2016-05-26,2.63,2.65,2.61,2.61,2.63,297816,783486.18,UNACEMC1
2016-05-27,2.67,2.67,2.65,2.65,2.67,234100,624965,UNACEMC1
2016-05-30,2.65,2.65,2.65,2.65,2.65,123000,325950,UNACEMC1
2016-05-31,2.66,2.66,2.66,2.66,2.66,138700,368942,UNACEMC1
2016-06-01,2.66,2.66,2.66,2.66,2.66,14700,39102,UNACEMC1
2016-06-02,2.66,2.66,2.66,2.66,2.66,0,0,UNACEMC1
2016-06-03,2.64,2.66,2.64,2.66,2.66,143300,380655,UNACEMC1
2016-06-06,2.7,2.76,2.68,2.7,2.71,39692,107469.52,UNACEMC1
2016-06-07,2.7,2.7,2.7,2.7,2.7,66988,180867.6,UNACEMC1
2016-06-08,2.67,2.67,2.6,2.6,2.64,270633,715072.36,UNACEMC1
2016-06-09,2.67,2.67,2.6,2.6,2.64,0,0,UNACEMC1
2016-06-10,2.6,2.6,2.56,2.6,2.59,148674,384842.56,UNACEMC1
2016-06-13,2.49,2.49,2.49,2.49,2.49,9207,22925.43,UNACEMC1
2016-06-14,2.48,2.48,2.41,2.44,2.45,176676,432147.46,UNACEMC1
2016-06-15,2.46,2.58,2.46,2.58,2.51,93949,235353.12,UNACEMC1
2016-06-16,2.53,2.59,2.45,2.59,2.49,215370,536376.19,UNACEMC1
2016-06-17,2.6,2.6,2.6,2.6,2.6,18821,48934.6,UNACEMC1
2016-06-20,2.6,2.6,2.55,2.6,2.57,190932,491243.3,UNACEMC1
2016-06-21,2.55,2.55,2.55,2.55,2.55,18530,47251.5,UNACEMC1
2016-06-22,2.55,2.55,2.55,2.55,2.55,0,0,UNACEMC1
2016-06-23,2.55,2.55,2.55,2.55,2.55,79793,203472.15,UNACEMC1
2016-06-24,2.55,2.55,2.55,2.55,2.55,7930,20221.5,UNACEMC1
2016-06-27,2.48,2.48,2.48,2.48,2.48,12719,31543.12,UNACEMC1
2016-06-28,2.45,2.5,2.4,2.5,2.43,153598,373535.2,UNACEMC1
2016-06-30,2.48,2.53,2.48,2.53,2.52,150053,377992.44,UNACEMC1
2016-07-01,2.53,2.53,2.5,2.5,2.51,12680,31850,UNACEMC1
2016-07-04,2.53,2.53,2.5,2.5,2.51,1128,2820,UNACEMC1
2016-07-05,2.5,2.52,2.5,2.52,2.52,82547,207758.44,UNACEMC1
2016-07-06,2.52,2.55,2.49,2.55,2.52,137202,345148.5,UNACEMC1
2016-07-07,2.55,2.55,2.55,2.55,2.55,3550,9052.5,UNACEMC1
2016-07-08,2.55,2.55,2.55,2.55,2.55,56650,144457.5,UNACEMC1
2016-07-11,2.55,2.55,2.55,2.55,2.55,104598,266724.9,UNACEMC1
2016-07-12,2.55,2.63,2.55,2.63,2.61,690109,1802422.99,UNACEMC1
2016-07-13,2.55,2.63,2.55,2.63,2.61,0,0,UNACEMC1
2016-07-14,2.65,2.7,2.65,2.7,2.67,225477,602605.6,UNACEMC1
2016-07-15,2.65,2.7,2.65,2.7,2.67,800,2168,UNACEMC1
2016-07-18,2.77,2.89,2.77,2.85,2.78,721280,2007049.34,UNACEMC1
2016-07-19,2.86,2.87,2.8,2.85,2.85,88684,253009.98,UNACEMC1
2016-07-20,2.8,2.8,2.8,2.8,2.79,2111,5892.75,UNACEMC1
2016-07-21,2.8,2.8,2.8,2.8,2.8,28324,79307.2,UNACEMC1
2016-07-22,2.85,2.85,2.77,2.77,2.77,77800,215729.93,UNACEMC1
2016-07-25,2.7,2.7,2.7,2.7,2.7,10001,27002.77,UNACEMC1
2016-07-26,2.7,2.75,2.7,2.75,2.74,48200,132263,UNACEMC1
2016-07-27,2.8,2.86,2.8,2.8,2.83,827716,2345476.7,UNACEMC1
2016-08-01,2.8,2.85,2.8,2.8,2.81,492124,1383448.2,UNACEMC1
2016-08-02,2.85,2.85,2.83,2.83,2.84,28872,82039.84,UNACEMC1
2016-08-03,2.8,2.8,2.79,2.79,2.8,303132,848480.1,UNACEMC1
2016-08-04,2.79,2.79,2.75,2.76,2.76,122723,338939.91,UNACEMC1
2016-08-05,2.79,2.8,2.79,2.8,2.8,168936,472630.8,UNACEMC1
2016-08-08,2.77,2.77,2.76,2.77,2.77,350739,971440.72,UNACEMC1
2016-08-09,2.76,2.79,2.76,2.79,2.77,8119,22499.94,UNACEMC1
2016-08-10,2.79,2.8,2.79,2.8,2.79,649675,1813084.68,UNACEMC1
2016-08-11,2.8,2.8,2.8,2.8,2.8,59257,165919.6,UNACEMC1
2016-08-12,2.8,2.8,2.78,2.79,2.78,376870,1049353.36,UNACEMC1
2016-08-15,2.76,2.77,2.76,2.77,2.77,896434,2478769.84,UNACEMC1
2016-08-16,2.77,2.82,2.77,2.79,2.8,129230,362218.12,UNACEMC1
2016-08-17,2.79,2.79,2.79,2.79,2.79,236550,659974.5,UNACEMC1
2016-08-18,2.79,2.86,2.79,2.85,2.79,1913330,5342699.58,UNACEMC1
2016-08-19,2.85,2.93,2.85,2.92,2.9,143700,416564,UNACEMC1
2016-08-22,2.92,2.92,2.85,2.89,2.86,1035512,2959496.42,UNACEMC1
2016-08-23,2.89,2.89,2.89,2.89,2.89,30806,89029.34,UNACEMC1
2016-08-24,2.89,2.89,2.85,2.89,2.87,2272979,6523431.91,UNACEMC1
2016-08-25,2.89,2.89,2.87,2.89,2.89,625978,1808809.86,UNACEMC1
2016-08-26,2.89,2.9,2.89,2.89,2.89,97567,282186.25,UNACEMC1
2016-08-29,2.89,2.95,2.89,2.95,2.93,30347,89039.05,UNACEMC1
2016-08-31,2.85,2.9,2.85,2.9,2.89,782998,2265722.15,UNACEMC1
2016-09-01,2.85,2.9,2.85,2.9,2.86,250980,718115,UNACEMC1
2016-09-02,2.9,2.9,2.88,2.88,2.89,76728,221502.74,UNACEMC1
2016-09-05,2.85,2.9,2.85,2.9,2.86,388902,1111720.7,UNACEMC1
2016-09-06,2.9,2.9,2.87,2.87,2.89,160743,464294.66,UNACEMC1
2016-09-07,2.85,2.89,2.85,2.87,2.85,1742218,4967508.72,UNACEMC1
2016-09-08,2.86,2.86,2.85,2.85,2.85,1290728,3679157.6,UNACEMC1
2016-09-09,2.85,2.85,2.85,2.85,2.85,460710,1313023.5,UNACEMC1
2016-09-12,2.85,2.85,2.8,2.8,2.84,112900,320390,UNACEMC1
2016-09-13,2.8,2.8,2.75,2.75,2.77,32500,90030,UNACEMC1
2016-09-14,2.75,2.75,2.71,2.71,2.72,362939,987432.19,UNACEMC1
2016-09-15,2.72,2.72,2.71,2.72,2.71,541462,1467548.64,UNACEMC1
2016-09-16,2.72,2.72,2.65,2.66,2.67,657145,1752150.66,UNACEMC1
2016-09-19,2.67,2.75,2.67,2.75,2.73,27374,74603.8,UNACEMC1
2016-09-20,2.75,2.75,2.75,2.75,2.75,1543,4243.25,UNACEMC1
2016-09-21,2.75,2.75,2.75,2.75,2.75,0,0,UNACEMC1
2016-09-22,2.85,2.85,2.81,2.81,2.85,63544,180845.16,UNACEMC1
2016-09-23,2.8,2.8,2.78,2.78,2.78,530390,1475223.32,UNACEMC1
2016-09-26,2.76,2.76,2.76,2.76,2.76,40000,110406.8,UNACEMC1
2016-09-27,2.76,2.76,2.76,2.76,2.76,310673,857457.48,UNACEMC1
2016-09-28,2.76,2.8,2.76,2.8,2.79,119645,333490.52,UNACEMC1
2016-09-29,2.8,2.8,2.8,2.8,2.8,72225,202223.45,UNACEMC1
2016-09-30,2.8,2.8,2.8,2.8,2.8,32345,90566,UNACEMC1
2016-10-03,2.85,2.85,2.85,2.85,2.85,38484,109629.4,UNACEMC1
2016-10-04,2.86,2.86,2.83,2.83,2.84,80736,229605.15,UNACEMC1
2016-10-05,2.83,2.83,2.83,2.83,2.83,6800,19250,UNACEMC1
2016-10-06,2.83,2.83,2.83,2.83,2.83,2132151,6033977.01,UNACEMC1
2016-10-07,2.85,2.9,2.85,2.89,2.9,1638853,4751733.87,UNACEMC1
2016-10-10,2.88,2.91,2.88,2.9,2.9,640638,1857317.18,UNACEMC1
2016-10-11,2.9,2.9,2.9,2.9,2.9,300000,870000,UNACEMC1
2016-10-12,2.9,2.9,2.9,2.9,2.9,321052,931050.8,UNACEMC1
2016-10-13,2.87,2.87,2.86,2.86,2.86,3200000,9158000,UNACEMC1
2016-10-14,2.85,2.85,2.84,2.84,2.85,4134,11764.4,UNACEMC1
2016-10-17,2.83,2.83,2.83,2.83,2.83,7537,21329.71,UNACEMC1
2016-10-18,2.82,2.83,2.78,2.79,2.81,184214,517575.7,UNACEMC1
2016-10-19,2.8,2.8,2.75,2.75,2.77,1500216,4155174.74,UNACEMC1
2016-10-20,2.7,2.75,2.7,2.75,2.74,10185,27868.75,UNACEMC1
2016-10-21,2.75,2.75,2.75,2.75,2.75,59900,164725,UNACEMC1
2016-10-24,2.75,2.75,2.75,2.75,2.75,32118,88324.5,UNACEMC1
2016-10-25,2.75,2.75,2.69,2.69,2.73,67400,184030,UNACEMC1
2016-10-26,2.69,2.7,2.69,2.69,2.69,41300,111117,UNACEMC1
2016-10-27,2.69,2.69,2.6,2.66,2.66,240400,639284,UNACEMC1
2016-10-28,2.6,2.62,2.6,2.61,2.61,193762,505531.16,UNACEMC1
2016-10-31,2.61,2.69,2.61,2.69,2.67,246559,658792.83,UNACEMC1
2016-11-02,2.65,2.65,2.63,2.63,2.63,279466,735804.9,UNACEMC1
2016-11-03,2.63,2.63,2.63,2.63,2.63,749513,1971219.19,UNACEMC1
2016-11-04,2.65,2.65,2.65,2.65,2.65,36013,95434.45,UNACEMC1
2016-11-07,2.65,2.65,2.65,2.65,2.65,26900,71285,UNACEMC1
2016-11-08,2.62,2.62,2.6,2.6,2.6,79433,206815.8,UNACEMC1
2016-11-09,2.55,2.56,2.55,2.55,2.55,161756,412527.94,UNACEMC1
2016-11-10,2.55,2.6,2.55,2.6,2.56,17237,44170.47,UNACEMC1
2016-11-11,2.6,2.6,2.6,2.6,2.6,10530,27419.7,UNACEMC1
2016-11-14,2.6,2.6,2.55,2.55,2.58,31500,81275,UNACEMC1
2016-11-15,2.52,2.52,2.52,2.52,2.52,82152,207023.04,UNACEMC1
2016-11-16,2.51,2.53,2.5,2.51,2.51,475715,1194333.87,UNACEMC1
2016-11-21,2.51,2.54,2.5,2.5,2.52,67033,169007.82,UNACEMC1
2016-11-22,2.5,2.55,2.5,2.55,2.52,182446,459023.48,UNACEMC1
2016-11-23,2.55,2.65,2.55,2.65,2.57,86470,221877.2,UNACEMC1
2016-11-24,2.6,2.6,2.6,2.6,2.59,4660,12082.4,UNACEMC1
2016-11-25,2.63,2.66,2.6,2.6,2.63,78284,206104.29,UNACEMC1
2016-11-28,2.6,2.6,2.6,2.6,2.6,535278,1391722.8,UNACEMC1
2016-11-29,2.59,2.59,2.58,2.58,2.59,28400,73530,UNACEMC1
2016-11-30,2.58,2.61,2.56,2.61,2.59,451846,1172443.1,UNACEMC1
2016-12-01,2.58,2.58,2.55,2.56,2.57,285022,732126.76,UNACEMC1
2016-12-02,2.56,2.56,2.51,2.51,2.55,79612,202750,UNACEMC1
2016-12-05,2.55,2.55,2.55,2.55,2.55,3500,8925,UNACEMC1
2016-12-06,2.52,2.53,2.51,2.51,2.53,49523,125171.19,UNACEMC1
2016-12-07,2.51,2.51,2.47,2.48,2.48,112150,278605.72,UNACEMC1
2016-12-09,2.47,2.47,2.47,2.47,2.47,3000,7410,UNACEMC1
2016-12-12,2.45,2.45,2.42,2.45,2.44,58720,143137.3,UNACEMC1
2016-12-13,2.45,2.48,2.45,2.48,2.45,276899,679403.85,UNACEMC1
2016-12-14,2.5,2.52,2.5,2.5,2.5,76646,191966,UNACEMC1
2016-12-15,2.5,2.5,2.48,2.48,2.49,167720,418055.56,UNACEMC1
2016-12-16,2.48,2.48,2.48,2.48,2.48,275728,683798.16,UNACEMC1
2016-12-19,2.5,2.5,2.5,2.5,2.5,5050,12625,UNACEMC1
2016-12-20,2.5,2.55,2.5,2.55,2.5,427172,1069514.74,UNACEMC1
2016-12-21,2.55,2.58,2.55,2.55,2.56,492455,1262082.93,UNACEMC1
2016-12-22,2.53,2.55,2.53,2.53,2.53,1035393,2619599.35,UNACEMC1
2016-12-23,2.53,2.55,2.53,2.53,2.53,0,0,UNACEMC1
2016-12-26,2.52,2.53,2.52,2.53,2.53,31467,79461.51,UNACEMC1
2016-12-27,2.5,2.5,2.48,2.48,2.48,27849,69133.83,UNACEMC1
2016-12-28,2.48,2.5,2.48,2.48,2.48,128015,317677.2,UNACEMC1
2016-12-29,2.49,2.49,2.49,2.49,2.49,27793,69195.64,UNACEMC1
2016-12-30,2.51,2.56,2.51,2.56,2.56,327000,836870,UNACEMC1
2017-01-02,2.51,2.56,2.51,2.56,2.56,0,0,UNACEMC1
2017-01-03,2.57,2.57,2.57,2.57,2.57,13340,34283.8,UNACEMC1
2017-01-04,2.57,2.57,2.56,2.56,2.56,125800,322346,UNACEMC1
2017-01-05,2.56,2.56,2.5,2.54,2.55,133745,341077.2,UNACEMC1
2017-01-06,2.54,2.54,2.51,2.51,2.51,164999,414591.76,UNACEMC1
2017-01-09,2.53,2.53,2.5,2.5,2.51,86420,216784.6,UNACEMC1
2017-01-10,2.5,2.5,2.49,2.5,2.5,106682,266588.95,UNACEMC1
2017-01-11,2.5,2.5,2.5,2.5,2.5,524152,1310371.7,UNACEMC1
2017-01-12,2.5,2.5,2.48,2.48,2.49,28389,70667.26,UNACEMC1
2017-01-13,2.48,2.51,2.48,2.5,2.5,266735,666880.44,UNACEMC1
2017-01-16,2.5,2.5,2.5,2.5,2.5,81944,204872.1,UNACEMC1
2017-01-17,2.48,2.5,2.48,2.48,2.5,125000,311900,UNACEMC1
2017-01-18,2.5,2.5,2.47,2.47,2.48,96742,239800,UNACEMC1
2017-01-19,2.47,2.47,2.47,2.47,2.47,25000,61750,UNACEMC1
2017-01-20,2.5,2.5,2.46,2.46,2.48,51706,128146.76,UNACEMC1
2017-01-23,2.46,2.47,2.46,2.47,2.46,128775,316942.3,UNACEMC1
2017-01-24,2.47,2.47,2.45,2.45,2.47,142654,351707.44,UNACEMC1
2017-01-25,2.45,2.47,2.45,2.47,2.47,287623,710263.89,UNACEMC1
2017-01-26,2.47,2.47,2.46,2.47,2.47,106252,261964.08,UNACEMC1
2017-01-27,2.47,2.47,2.4,2.4,2.43,82486,200687.75,UNACEMC1
2017-01-30,2.4,2.4,2.35,2.4,2.39,307251,733928.87,UNACEMC1
2017-01-31,2.4,2.42,2.35,2.42,2.42,315200,761734.8,UNACEMC1
2017-02-01,2.42,2.42,2.42,2.42,2.42,48545,117478.9,UNACEMC1
2017-02-02,2.42,2.42,2.42,2.42,2.42,229013,554211.46,UNACEMC1
2017-02-03,2.42,2.45,2.42,2.45,2.44,255085,621544.3,UNACEMC1
2017-02-06,2.45,2.45,2.44,2.45,2.45,160901,394186.64,UNACEMC1
2017-02-07,2.46,2.5,2.46,2.5,2.48,18181,45125.26,UNACEMC1
2017-02-08,2.5,2.51,2.5,2.51,2.5,97658,244449.1,UNACEMC1
2017-02-09,2.51,2.51,2.5,2.51,2.51,23033,57768.41,UNACEMC1
2017-02-10,2.52,2.52,2.51,2.51,2.51,78662,197511.82,UNACEMC1
2017-02-13,2.5,2.5,2.49,2.49,2.5,570290,1425664.89,UNACEMC1
2017-02-14,2.49,2.49,2.49,2.49,2.49,228539,569070.38,UNACEMC1
2017-02-15,2.5,2.5,2.5,2.5,2.5,84799,211997.5,UNACEMC1
2017-02-16,2.5,2.5,2.48,2.48,2.49,218745,544632.5,UNACEMC1
2017-02-17,2.45,2.5,2.44,2.5,2.45,158122,387930.04,UNACEMC1
2017-02-20,2.44,2.46,2.44,2.46,2.46,96147,236321.62,UNACEMC1
2017-02-21,2.46,2.46,2.45,2.46,2.46,382076,939844.96,UNACEMC1
2017-02-22,2.45,2.45,2.44,2.44,2.44,11277,27555.88,UNACEMC1
2017-02-23,2.42,2.42,2.42,2.42,2.42,101413,245433.59,UNACEMC1
2017-02-24,2.42,2.42,2.42,2.42,2.42,14883,36056.46,UNACEMC1
2017-02-27,2.4,2.4,2.4,2.4,2.4,10200,24484,UNACEMC1
2017-02-28,2.38,2.38,2.31,2.31,2.36,383394,905084.68,UNACEMC1
2017-03-01,2.35,2.35,2.34,2.34,2.34,59256,138916.6,UNACEMC1
2017-03-02,2.34,2.34,2.28,2.28,2.31,558865,1293165.5,UNACEMC1
2017-03-03,2.28,2.28,2.27,2.28,2.28,85188,194208.64,UNACEMC1
2017-03-06,2.2,2.2,2.07,2.07,2.1,73983,155567.93,UNACEMC1
2017-03-07,2.18,2.2,2.18,2.18,2.19,37365,81668.9,UNACEMC1
2017-03-08,2.18,2.2,2.16,2.16,2.18,2400221,5232624.9,UNACEMC1
2017-03-09,2.18,2.19,2.18,2.19,2.19,41211,90132.09,UNACEMC1
2017-03-10,2.2,2.2,2.18,2.2,2.19,46508,101897.6,UNACEMC1
2017-03-13,2.2,2.2,2.15,2.15,2.19,70628,154795.26,UNACEMC1
2017-03-14,2.18,2.18,2.15,2.15,2.15,804685,1733072.75,UNACEMC1
2017-03-15,2.15,2.15,2.15,2.15,2.15,55187,118652.05,UNACEMC1
2017-03-16,2.16,2.21,2.16,2.21,2.18,384338,838957.71,UNACEMC1
2017-03-17,2.22,2.26,2.22,2.26,2.22,527443,1171547.38,UNACEMC1
2017-03-20,2.29,2.4,2.29,2.35,2.37,3088235,7313634.59,UNACEMC1
2017-03-21,2.38,2.47,2.38,2.47,2.41,4421491,10659970.48,UNACEMC1
2017-03-22,2.5,2.57,2.47,2.47,2.5,3939569,9857525.01,UNACEMC1
2017-03-23,2.47,2.54,2.47,2.54,2.5,1710690,4280239.54,UNACEMC1
2017-03-24,2.55,2.55,2.52,2.54,2.54,159463,405819.04,UNACEMC1
2017-03-27,2.54,2.55,2.54,2.54,2.55,223303,569097.73,UNACEMC1
2017-03-28,2.54,2.54,2.54,2.54,2.54,259967,660316.18,UNACEMC1
2017-03-29,2.56,2.56,2.55,2.55,2.56,221049,564832.91,UNACEMC1
2017-03-30,2.54,2.56,2.54,2.56,2.55,302684,772823.36,UNACEMC1
2017-03-31,2.56,2.6,2.56,2.6,2.59,101228,262413.4,UNACEMC1
2017-04-03,2.6,2.61,2.59,2.59,2.6,863467,2245012.63,UNACEMC1
2017-04-04,2.59,2.62,2.59,2.62,2.61,110985,289989.99,UNACEMC1
2017-04-05,2.63,2.63,2.62,2.62,2.62,448572,1176441.01,UNACEMC1
2017-04-06,2.62,2.62,2.56,2.56,2.58,191144,493597.84,UNACEMC1
2017-04-07,2.54,2.54,2.5,2.51,2.51,419710,1053903.4,UNACEMC1
2017-04-10,2.54,2.54,2.5,2.51,2.51,0,0,UNACEMC1
2017-04-11,2.46,2.46,2.46,2.46,2.46,6374,15666.3,UNACEMC1
2017-04-12,2.46,2.46,2.45,2.45,2.45,156807,384204.15,UNACEMC1
2017-04-17,2.45,2.45,2.45,2.45,2.45,20808,50979.6,UNACEMC1
2017-04-18,2.45,2.45,2.35,2.35,2.38,102602,244189.24,UNACEMC1
2017-04-19,2.4,2.4,2.39,2.4,2.4,196642,471918.61,UNACEMC1
2017-04-20,2.4,2.4,2.39,2.4,2.4,308584,740546.95,UNACEMC1
2017-04-21,2.4,2.41,2.4,2.4,2.41,253201,609706.46,UNACEMC1
2017-04-24,2.4,2.4,2.35,2.35,2.37,188622,446448.53,UNACEMC1
2017-04-25,2.36,2.4,2.36,2.4,2.38,220323,523282.79,UNACEMC1
2017-04-26,2.43,2.47,2.43,2.47,2.45,406600,994166,UNACEMC1
2017-04-27,2.47,2.47,2.38,2.38,2.43,240029,583298.87,UNACEMC1
2017-04-28,2.38,2.38,2.35,2.35,2.35,869537,2043596.95,UNACEMC1
2017-05-02,2.42,2.46,2.42,2.46,2.44,166693,406728.89,UNACEMC1
2017-05-03,2.45,2.46,2.38,2.4,2.44,126919,309068.21,UNACEMC1
2017-05-04,2.4,2.4,2.33,2.36,2.35,275333,646384.44,UNACEMC1
2017-05-05,2.4,2.4,2.38,2.38,2.38,540000,1286229.7,UNACEMC1
2017-05-08,2.4,2.4,2.4,2.4,2.4,32555,78132,UNACEMC1
2017-05-09,2.6,2.6,2.45,2.5,2.51,75535,189337.5,UNACEMC1
2017-05-10,2.5,2.53,2.5,2.53,2.51,350120,878775,UNACEMC1
2017-05-11,2.53,2.53,2.52,2.53,2.53,101316,256119.48,UNACEMC1
2017-05-12,2.52,2.52,2.52,2.52,2.52,98424,248028.48,UNACEMC1
2017-05-15,2.5,2.52,2.47,2.47,2.51,152090,382452,UNACEMC1
2017-05-16,2.45,2.45,2.4,2.41,2.41,372412,896370.8,UNACEMC1
2017-05-17,2.43,2.43,2.43,2.43,2.43,16312,39638.16,UNACEMC1
2017-05-18,2.44,2.44,2.42,2.42,2.44,1230757,3002753.96,UNACEMC1
2017-05-19,2.45,2.5,2.45,2.5,2.47,455785,1125243.45,UNACEMC1
2017-05-22,2.5,2.5,2.46,2.46,2.47,49548,122603.2,UNACEMC1
2017-05-23,2.46,2.46,2.45,2.46,2.45,73109,179214.54,UNACEMC1
2017-05-24,2.46,2.46,2.46,2.46,2.46,46091,113383.86,UNACEMC1
2017-05-25,2.46,2.5,2.44,2.5,2.45,415137,1015716.48,UNACEMC1
2017-05-26,2.5,2.55,2.46,2.5,2.48,203096,503698.15,UNACEMC1
2017-05-29,2.5,2.51,2.46,2.51,2.49,91035,226713.2,UNACEMC1
2017-05-30,2.51,2.51,2.5,2.5,2.5,49293,123374.06,UNACEMC1
2017-05-31,2.5,2.5,2.5,2.5,2.5,256350,640875,UNACEMC1
2017-06-01,2.47,2.47,2.46,2.46,2.46,139284,342719.16,UNACEMC1
2017-06-02,2.46,2.46,2.46,2.46,2.46,206618,508267.13,UNACEMC1
2017-06-05,2.46,2.46,2.44,2.44,2.46,168315,413714.9,UNACEMC1
2017-06-06,2.4,2.44,2.4,2.44,2.41,37843,91079.2,UNACEMC1
2017-06-07,2.44,2.44,2.44,2.44,2.44,165703,404309.83,UNACEMC1
2017-06-08,2.41,2.44,2.41,2.44,2.43,25316,61595.54,UNACEMC1
2017-06-09,2.44,2.44,2.44,2.44,2.44,101694,248133.36,UNACEMC1
2017-06-12,2.44,2.44,2.44,2.44,2.44,12050,29402,UNACEMC1
2017-06-13,2.35,2.35,2.35,2.35,2.35,109924,258321.4,UNACEMC1
2017-06-14,2.36,2.4,2.36,2.4,2.4,211812,507328.8,UNACEMC1
2017-06-15,2.4,2.4,2.39,2.39,2.4,84467,202667,UNACEMC1
2017-06-16,2.39,2.39,2.35,2.35,2.38,587825,1397024.58,UNACEMC1
2017-06-19,2.39,2.39,2.39,2.39,2.39,106031,253414.09,UNACEMC1
2017-06-20,2.39,2.39,2.3,2.35,2.36,369065,871682.65,UNACEMC1
2017-06-21,2.39,2.39,2.3,2.35,2.36,0,0,UNACEMC1
2017-06-22,2.4,2.4,2.4,2.4,2.4,9163,21991.2,UNACEMC1
2017-06-23,2.4,2.4,2.4,2.4,2.39,8070,19290,UNACEMC1
2017-06-26,2.4,2.45,2.4,2.45,2.4,53491,128478.4,UNACEMC1
2017-06-27,2.4,2.45,2.4,2.45,2.43,257816,627014.52,UNACEMC1
2017-06-28,2.4,2.4,2.36,2.36,2.37,1878174,4446073.4,UNACEMC1
2017-06-30,2.36,2.36,2.36,2.36,2.36,4856380,11461056.8,UNACEMC1
2017-07-03,2.36,2.36,2.36,2.36,2.36,15150,35754,UNACEMC1
2017-07-04,2.36,2.36,2.36,2.36,2.36,265155,625765.8,UNACEMC1
2017-07-05,2.37,2.37,2.36,2.36,2.36,502969,1187090.84,UNACEMC1
2017-07-06,2.36,2.36,2.36,2.36,2.36,1147410,2707887.6,UNACEMC1
2017-07-07,2.38,2.38,2.38,2.38,2.38,349466,831714.48,UNACEMC1
2017-07-10,2.38,2.38,2.38,2.38,2.38,0,0,UNACEMC1
2017-07-11,2.36,2.38,2.36,2.38,2.37,35400,83952.4,UNACEMC1
2017-07-12,2.38,2.4,2.35,2.4,2.38,269281,642062.03,UNACEMC1
2017-07-13,2.38,2.4,2.35,2.4,2.38,0,0,UNACEMC1
2017-07-14,2.41,2.41,2.4,2.4,2.4,361732,868231.5,UNACEMC1
2017-07-17,2.4,2.4,2.38,2.38,2.39,125700,300060,UNACEMC1
2017-07-18,2.38,2.4,2.38,2.4,2.4,100664,241285.44,UNACEMC1
2017-07-19,2.4,2.4,2.4,2.4,2.4,5554,13329.6,UNACEMC1
2017-07-20,2.41,2.41,2.4,2.4,2.4,16456,39511.56,UNACEMC1
2017-07-21,2.4,2.4,2.4,2.4,2.4,11000,26400,UNACEMC1
2017-07-24,2.41,2.47,2.41,2.47,2.45,190031,465961.61,UNACEMC1
2017-07-25,2.5,2.55,2.5,2.52,2.53,193571,489374.33,UNACEMC1
2017-07-26,2.51,2.52,2.5,2.5,2.51,251200,630235,UNACEMC1
2017-07-27,2.51,2.52,2.5,2.5,2.51,0,0,UNACEMC1
2017-07-31,2.5,2.55,2.5,2.55,2.52,149369,375952.5,UNACEMC1
2017-08-01,2.5,2.5,2.5,2.5,2.5,88335,220837.5,UNACEMC1
2017-08-02,2.51,2.55,2.5,2.51,2.51,67201,168942.25,UNACEMC1
2017-08-03,2.51,2.54,2.51,2.54,2.53,20300,51312,UNACEMC1
2017-08-04,2.53,2.54,2.52,2.52,2.53,102526,259036.03,UNACEMC1
2017-08-07,2.52,2.52,2.52,2.52,2.52,6240,15700.38,UNACEMC1
2017-08-08,2.52,2.52,2.52,2.52,2.52,230676,581303.52,UNACEMC1
2017-08-09,2.52,2.52,2.45,2.5,2.5,221666,554132.39,UNACEMC1
2017-08-10,2.52,2.52,2.49,2.49,2.5,993017,2482321.04,UNACEMC1
2017-08-11,2.49,2.49,2.49,2.49,2.49,185946,462990.08,UNACEMC1
2017-08-14,2.49,2.49,2.49,2.49,2.49,0,0,UNACEMC1
2017-08-15,2.49,2.49,2.45,2.45,2.45,74155,182020.97,UNACEMC1
2017-08-16,2.45,2.45,2.42,2.42,2.45,86153,210890.62,UNACEMC1
2017-08-17,2.42,2.42,2.42,2.42,2.42,149850,362637,UNACEMC1
2017-08-18,2.43,2.43,2.43,2.43,2.43,4512,10964.16,UNACEMC1
2017-08-21,2.43,2.43,2.43,2.43,2.43,24000,58320,UNACEMC1
2017-08-22,2.48,2.5,2.48,2.5,2.5,232930,582203.1,UNACEMC1
2017-08-23,2.5,2.5,2.49,2.5,2.5,307636,767693.05,UNACEMC1
2017-08-24,2.5,2.5,2.49,2.49,2.49,120135,299719.49,UNACEMC1
2017-08-25,2.49,2.5,2.49,2.49,2.49,181327,451536.63,UNACEMC1
2017-08-28,2.49,2.5,2.49,2.5,2.5,212200,530460,UNACEMC1
2017-08-29,2.5,2.5,2.49,2.5,2.5,199210,497866.33,UNACEMC1
2017-08-31,2.5,2.52,2.5,2.51,2.51,150854,378622.96,UNACEMC1
2017-09-01,2.52,2.55,2.51,2.55,2.53,57952,146787.52,UNACEMC1
2017-09-04,2.57,2.65,2.57,2.65,2.62,683894,1789209.64,UNACEMC1
2017-09-05,2.65,2.7,2.61,2.65,2.67,6801567,18161686.78,UNACEMC1
2017-09-06,2.65,2.7,2.65,2.66,2.68,258795,694527.62,UNACEMC1
2017-09-07,2.69,2.7,2.68,2.68,2.7,252628,681404.57,UNACEMC1
2017-09-08,2.68,2.68,2.68,2.68,2.68,95915,257052.2,UNACEMC1
2017-09-11,2.67,2.68,2.67,2.68,2.68,34470,92303.2,UNACEMC1
2017-09-12,2.67,2.67,2.67,2.67,2.67,156268,417235.56,UNACEMC1
2017-09-13,2.67,2.68,2.64,2.68,2.66,149377,396950.7,UNACEMC1
2017-09-14,2.65,2.66,2.65,2.66,2.66,147600,392436,UNACEMC1
2017-09-15,2.66,2.66,2.63,2.64,2.65,1809501,4792228.78,UNACEMC1
2017-09-18,2.64,2.64,2.62,2.62,2.63,514002,1351356.74,UNACEMC1
2017-09-19,2.62,2.63,2.62,2.63,2.63,175204,460528.31,UNACEMC1
2017-09-20,2.62,2.63,2.61,2.61,2.62,272312,713859.37,UNACEMC1
2017-09-21,2.62,2.65,2.62,2.65,2.64,239775,633217.24,UNACEMC1
2017-09-22,2.68,2.72,2.68,2.7,2.7,698114,1885263.1,UNACEMC1
2017-09-25,2.71,2.71,2.68,2.68,2.7,260990,704314.92,UNACEMC1
2017-09-26,2.7,2.71,2.7,2.71,2.71,646579,1751074.89,UNACEMC1
2017-09-27,2.71,2.77,2.71,2.77,2.75,945040,2597293.03,UNACEMC1
2017-09-28,2.77,2.8,2.77,2.8,2.79,125047,349158.97,UNACEMC1
2017-09-29,2.8,2.85,2.79,2.85,2.81,355435,999512.5,UNACEMC1
2017-10-02,2.9,2.95,2.9,2.95,2.92,189031,551652.9,UNACEMC1
2017-10-03,2.93,2.99,2.9,2.99,2.93,157052,459752.28,UNACEMC1
2017-10-04,2.99,2.99,2.92,2.95,2.97,781165,2318772.03,UNACEMC1
2017-10-05,2.91,2.97,2.91,2.95,2.95,501474,1479216.58,UNACEMC1
2017-10-06,2.94,2.95,2.9,2.9,2.92,88000,257186,UNACEMC1
2017-10-09,2.9,2.9,2.88,2.88,2.89,19517,56440.36,UNACEMC1
2017-10-10,2.88,2.88,2.83,2.84,2.85,164022,467325.19,UNACEMC1
2017-10-11,2.82,2.82,2.78,2.82,2.81,230632,648664.12,UNACEMC1
2017-10-12,2.84,2.85,2.8,2.83,2.83,57337,162514.07,UNACEMC1
2017-10-13,2.8,2.84,2.8,2.84,2.81,24096,67756.33,UNACEMC1
2017-10-16,2.9,3,2.9,2.95,2.95,500708,1478670.55,UNACEMC1
2017-10-17,2.94,2.95,2.94,2.95,2.95,286455,844801.52,UNACEMC1
2017-10-18,2.94,2.95,2.94,2.95,2.95,321670,948712.95,UNACEMC1
2017-10-19,2.94,2.96,2.94,2.95,2.95,63305,186717.8,UNACEMC1
2017-10-20,2.96,2.98,2.96,2.97,2.97,209165,620988.19,UNACEMC1
2017-10-23,3,3,2.97,3,2.98,305299,910483.01,UNACEMC1
2017-10-24,3,3.05,3,3,3.01,82569,248446.32,UNACEMC1
2017-10-25,3,3.03,3,3,3.01,166464,500975.35,UNACEMC1
2017-10-26,3,3.01,3,3,3,201664,605629.23,UNACEMC1
2017-10-27,3,3,2.97,2.97,2.98,266661,795641.3,UNACEMC1
2017-10-30,2.96,2.96,2.9,2.9,2.92,89877,262336.72,UNACEMC1
2017-10-31,2.9,2.96,2.9,2.96,2.91,475059,1380375.39,UNACEMC1
2017-11-02,2.96,3,2.96,3,2.99,312406,933655.4,UNACEMC1
2017-11-03,3,3.03,3,3.02,3,1891286,5677267.3,UNACEMC1
2017-11-06,3.02,3.03,2.99,3.01,3,504390,1515561.88,UNACEMC1
2017-11-07,3,3,2.97,2.98,2.98,269688,802672.36,UNACEMC1
2017-11-08,2.98,2.98,2.93,2.93,2.95,88499,261028.48,UNACEMC1
2017-11-09,2.94,3.02,2.9,3.01,2.94,245717,722362.82,UNACEMC1
2017-11-10,3,3,2.94,3,2.99,228233,683344.47,UNACEMC1
2017-11-13,2.95,3,2.95,3,2.99,275464,822393.36,UNACEMC1
2017-11-14,3,3,2.9,3,2.94,555687,1634278.92,UNACEMC1
2017-11-15,2.99,2.99,2.99,2.99,2.99,189897,567792.03,UNACEMC1
2017-11-16,2.99,3,2.99,2.99,3,578258,1734001.42,UNACEMC1
2017-11-17,3,3,2.95,2.99,2.95,95809,283046.29,UNACEMC1
2017-11-20,2.95,2.95,2.95,2.95,2.95,91000,268450,UNACEMC1
2017-11-21,2.9,3,2.9,3,3,919114,2755330.6,UNACEMC1
2017-11-22,3,3,3,3,3,428880,1286629,UNACEMC1
2017-11-23,3,3,3,3,3,46000,138000,UNACEMC1
2017-11-24,2.99,3,2.95,3,2.98,247042,735705.24,UNACEMC1
2017-11-27,3,3,2.99,3,3,179885,539500,UNACEMC1
2017-11-28,3,3,3,3,3,7146,21438,UNACEMC1
2017-11-29,2.96,3,2.96,3,3,141498,424084.08,UNACEMC1
2017-11-30,3,3,3,3,3,204000,612000,UNACEMC1
2017-12-01,3,3,2.98,3,3,82539,247559.88,UNACEMC1
2017-12-04,2.99,2.99,2.99,2.99,2.99,11500,34385,UNACEMC1
2017-12-05,2.95,2.99,2.87,2.98,2.93,329916,967104.37,UNACEMC1
2017-12-06,2.96,2.97,2.91,2.97,2.95,468548,1381110.68,UNACEMC1
2017-12-07,2.91,2.91,2.91,2.91,2.91,126300,367533,UNACEMC1
2017-12-11,2.91,2.96,2.88,2.96,2.91,247287,718938.53,UNACEMC1
2017-12-12,2.95,2.95,2.94,2.94,2.95,183737,541310.52,UNACEMC1
2017-12-13,2.92,2.92,2.8,2.85,2.84,642689,1822498.13,UNACEMC1
2017-12-14,2.7,2.84,2.6,2.8,2.73,2592349,7081873.5,UNACEMC1
2017-12-15,2.7,2.8,2.65,2.8,2.76,827973,2287102.49,UNACEMC1
2017-12-18,2.7,2.93,2.7,2.93,2.84,933836,2647956.46,UNACEMC1
2017-12-19,2.93,2.95,2.9,2.92,2.92,661380,1933916.52,UNACEMC1
2017-12-20,2.9,2.9,2.9,2.9,2.9,100000,290000,UNACEMC1
2017-12-21,2.9,2.9,2.89,2.89,2.9,679911,1971198.29,UNACEMC1
2017-12-22,2.95,2.95,2.95,2.95,2.95,54186,159839.55,UNACEMC1
2017-12-26,2.92,2.95,2.92,2.95,2.94,200000,588227.18,UNACEMC1
2017-12-27,2.92,2.95,2.92,2.95,2.94,0,0,UNACEMC1
2017-12-28,2.95,2.98,2.95,2.98,2.97,253451,752974.99,UNACEMC1
2017-12-29,2.97,3,2.95,3,3,210650,631337.78,UNACEMC1
2018-01-01,2.97,3,2.95,3,3,0,0,UNACEMC1
2018-01-02,3,3,3,3,3,2130,6390,UNACEMC1
2018-01-03,2.97,2.97,2.97,2.97,2.97,1953,5797.68,UNACEMC1
2018-01-04,2.92,2.92,2.92,2.92,2.92,7244,21152.48,UNACEMC1
2018-01-05,2.93,2.94,2.92,2.94,2.93,110382,323409.3,UNACEMC1
2018-01-08,2.96,2.97,2.94,2.94,2.96,148409,439799.4,UNACEMC1
2018-01-09,2.93,2.93,2.88,2.9,2.89,198035,571780.8,UNACEMC1
2018-01-10,2.91,2.93,2.91,2.93,2.92,22000,64237.5,UNACEMC1
2018-01-11,2.93,3,2.93,3,2.97,389554,1158154.46,UNACEMC1
2018-01-12,3,3,3,3,3,17900,53700,UNACEMC1
2018-01-16,3,3,3,3,3,0,0,UNACEMC1
2018-01-17,2.92,3,2.92,3,2.94,1411894,4155682,UNACEMC1
2018-01-18,3,3,2.95,2.95,3,103800,311209,UNACEMC1
2018-01-19,2.95,2.98,2.93,2.98,2.94,336962,991378,UNACEMC1
2018-01-22,2.9,2.98,2.9,2.98,2.98,12381031,36894348.64,UNACEMC1
2018-01-23,2.99,2.99,2.93,2.94,2.94,49842,146632.98,UNACEMC1
2018-01-24,2.94,2.96,2.94,2.96,2.94,517221,1521287.43,UNACEMC1
2018-01-25,2.99,3.05,2.99,3.05,3,3206165,9620006.59,UNACEMC1
2018-01-26,3.05,3.05,3.04,3.05,3.05,180679,550914.95,UNACEMC1
2018-01-29,3.02,3.03,3,3.03,3.02,477132,1440970.04,UNACEMC1
2018-01-30,3.03,3.03,2.98,3,3.01,26236,78851,UNACEMC1
2018-01-31,3,3.05,2.97,3.05,3.01,571080,1717840,UNACEMC1
2018-02-01,3.01,3.01,3,3,3.01,28050,84330.5,UNACEMC1
2018-02-02,3,3,3,3,3,41000,122920,UNACEMC1
2018-02-05,3,3,3,3,2.99,4300,12876.6,UNACEMC1
2018-02-06,2.95,2.95,2.89,2.95,2.9,360669,1044834.75,UNACEMC1
2018-02-07,2.98,2.98,2.98,2.98,2.98,11848,35307.04,UNACEMC1
2018-02-08,2.99,2.99,2.93,2.93,2.96,4370,12916.3,UNACEMC1
2018-02-09,2.88,3,2.88,3,2.98,104400,311272.61,UNACEMC1
2018-02-12,3,3.02,3,3.02,3.02,102180,308314.54,UNACEMC1
2018-02-13,3.01,3.02,3.01,3.02,3.02,147564,445327.79,UNACEMC1
2018-02-14,3,3.01,2.98,3.01,3,100000,300397.43,UNACEMC1
2018-02-15,3,3.01,2.98,3.01,3,0,0,UNACEMC1
2018-02-16,2.96,2.97,2.96,2.97,2.96,20000,59300,UNACEMC1
2018-02-19,2.96,2.97,2.96,2.97,2.96,0,0,UNACEMC1
2018-02-20,2.95,3,2.95,3,2.98,6000,17850,UNACEMC1
2018-02-21,2.95,2.95,2.95,2.95,2.95,15995,47185.25,UNACEMC1
2018-02-22,2.95,2.95,2.93,2.93,2.95,13300,39185,UNACEMC1
2018-02-23,2.95,2.95,2.93,2.93,2.93,72769,213310.17,UNACEMC1
2018-02-26,2.9,2.9,2.85,2.85,2.86,60972,174145.2,UNACEMC1
2018-02-27,2.9,2.9,2.85,2.85,2.86,29697,84871.3,UNACEMC1
2018-02-28,2.85,2.99,2.85,2.99,2.94,216750,636894.52,UNACEMC1
2018-03-01,2.95,2.95,2.91,2.95,2.94,136292,400351.9,UNACEMC1
2018-03-02,2.9,2.95,2.9,2.95,2.94,96000,281808.5,UNACEMC1
2018-03-05,2.92,2.92,2.9,2.9,2.9,161000,467380,UNACEMC1
2018-03-06,2.9,2.9,2.9,2.9,2.9,58899,170807.1,UNACEMC1
2018-03-07,2.86,2.86,2.85,2.85,2.85,14595,41648.25,UNACEMC1
2018-03-08,2.91,2.91,2.91,2.91,2.91,35312,102757.92,UNACEMC1
2018-03-09,2.95,2.95,2.95,2.95,2.95,4950,14602.5,UNACEMC1
2018-03-12,2.95,2.95,2.95,2.95,2.95,550,1606,UNACEMC1
2018-03-13,2.9,2.9,2.89,2.9,2.9,62610,181459,UNACEMC1
2018-03-14,2.85,2.9,2.85,2.9,2.86,26480,75792,UNACEMC1
2018-03-15,2.85,2.9,2.85,2.9,2.86,0,0,UNACEMC1
2018-03-16,2.85,2.9,2.85,2.9,2.86,0,0,UNACEMC1
2018-03-19,2.85,2.85,2.85,2.85,2.85,30000,85500,UNACEMC1
2018-03-20,2.8,2.83,2.8,2.83,2.8,130534,365649.22,UNACEMC1
2018-03-21,2.83,2.85,2.8,2.85,2.8,49803,139654.65,UNACEMC1
2018-03-22,2.85,2.86,2.85,2.86,2.85,181020,516421.7,UNACEMC1
2018-03-23,2.86,3.1,2.85,3.04,2.96,163429,484374.34,UNACEMC1
2018-03-26,2.86,3.1,2.85,3.04,2.96,0,0,UNACEMC1
2018-03-27,2.95,2.95,2.95,2.95,2.95,170815,503904.25,UNACEMC1
2018-03-28,2.95,2.95,2.95,2.95,2.95,5000,14750,UNACEMC1
2018-04-02,2.95,2.95,2.89,2.92,2.94,82811,243218.12,UNACEMC1
2018-04-03,2.92,2.92,2.89,2.92,2.92,39485,115211.9,UNACEMC1
2018-04-04,2.9,2.9,2.87,2.87,2.9,111472,322908.8,UNACEMC1
2018-04-05,2.9,2.9,2.9,2.9,2.9,10000,29000,UNACEMC1
2018-04-06,2.86,2.86,2.85,2.85,2.86,60602,173217.2,UNACEMC1
2018-04-09,2.8,2.81,2.8,2.81,2.8,682392,1911109.2,UNACEMC1
2018-04-10,2.81,2.86,2.81,2.86,2.84,45736,129771.94,UNACEMC1
2018-04-11,2.86,2.87,2.86,2.87,2.87,8569,24553.53,UNACEMC1
2018-04-12,2.87,2.9,2.87,2.9,2.89,25813,74526.92,UNACEMC1
2018-04-16,2.9,2.94,2.88,2.88,2.9,87922,255245.96,UNACEMC1
2018-04-17,2.9,2.9,2.9,2.9,2.9,266091,771663.9,UNACEMC1
2018-04-18,2.93,2.93,2.9,2.9,2.91,82720,240525.1,UNACEMC1
2018-04-19,2.91,2.91,2.91,2.91,2.91,140565,409043.5,UNACEMC1
2018-04-20,2.91,2.94,2.91,2.94,2.94,232706,683161.25,UNACEMC1
2018-04-23,2.89,2.89,2.89,2.89,2.89,6385,18452.65,UNACEMC1
2018-04-24,2.89,2.89,2.89,2.89,2.89,5788,16727.32,UNACEMC1
2018-04-25,2.93,2.94,2.93,2.94,2.94,14263,41868.63,UNACEMC1
2018-04-26,2.95,2.95,2.94,2.94,2.94,353472,1039742.4,UNACEMC1
2018-04-27,2.94,2.94,2.93,2.93,2.93,707000,2071580,UNACEMC1
2018-04-30,2.9,2.92,2.9,2.92,2.91,30920,90098.4,UNACEMC1
2018-05-02,2.92,2.93,2.92,2.93,2.92,18431,53833.33,UNACEMC1
2018-05-03,2.94,2.94,2.93,2.93,2.94,20325,59689,UNACEMC1
2018-05-04,2.94,2.94,2.92,2.94,2.94,43833,128719.02,UNACEMC1
2018-05-07,2.98,3,2.98,2.99,2.99,34557,103426.44,UNACEMC1
2018-05-08,2.98,3,2.98,2.99,2.99,0,0,UNACEMC1
2018-05-09,2.99,2.99,2.9,2.95,2.95,337070,995771.82,UNACEMC1
2018-05-10,2.95,2.99,2.95,2.99,2.98,156944,467262.56,UNACEMC1
2018-05-11,2.96,2.96,2.96,2.96,2.96,88680,262492.8,UNACEMC1
2018-05-14,2.96,2.96,2.92,2.96,2.94,18700,55052.5,UNACEMC1
2018-05-15,2.96,2.96,2.92,2.96,2.94,0,0,UNACEMC1
2018-05-16,2.95,2.95,2.9,2.9,2.9,46805,135884.5,UNACEMC1
2018-05-17,2.9,2.9,2.9,2.9,2.9,84822,245983.8,UNACEMC1
2018-05-18,2.9,2.9,2.89,2.9,2.9,29893,86645.92,UNACEMC1
2018-05-21,2.86,2.9,2.86,2.9,2.87,914265,2621356.75,UNACEMC1
2018-05-22,2.85,2.85,2.85,2.85,2.85,66583,189822.09,UNACEMC1
2018-05-23,2.87,2.9,2.87,2.9,2.9,27700,80244.5,UNACEMC1
2018-05-24,2.89,2.9,2.89,2.9,2.9,9692,28071.8,UNACEMC1
2018-05-25,2.89,2.9,2.89,2.9,2.9,498,1444.2,UNACEMC1
2018-05-28,2.9,2.93,2.9,2.93,2.92,33500,97954.15,UNACEMC1
2018-05-29,2.9,2.93,2.9,2.93,2.92,1664,4875.52,UNACEMC1
2018-05-30,2.89,2.92,2.89,2.92,2.9,29700,86193,UNACEMC1
2018-05-31,2.89,2.92,2.89,2.92,2.9,0,0,UNACEMC1
2018-06-01,2.92,2.92,2.92,2.92,2.92,25400,74168,UNACEMC1
2018-06-04,2.9,2.9,2.9,2.9,2.9,5300,15370,UNACEMC1
2018-06-05,2.9,2.9,2.9,2.9,2.9,0,0,UNACEMC1
2018-06-06,2.88,2.88,2.87,2.87,2.87,8736,25089.68,UNACEMC1
2018-06-07,2.85,2.85,2.8,2.81,2.82,106561,300482.32,UNACEMC1
2018-06-08,2.81,2.83,2.81,2.83,2.82,26500,74625,UNACEMC1
2018-06-11,2.85,2.85,2.85,2.85,2.85,3000,8550,UNACEMC1
2018-06-12,2.82,2.83,2.82,2.83,2.83,248145,701568.35,UNACEMC1
2018-06-13,2.83,2.83,2.83,2.83,2.83,36285,102686.55,UNACEMC1
2018-06-14,2.83,2.83,2.81,2.81,2.81,46054,129546.04,UNACEMC1
2018-06-15,2.83,2.83,2.81,2.81,2.81,2259,6347.79,UNACEMC1
2018-06-18,2.8,2.8,2.8,2.8,2.8,76073,213004.4,UNACEMC1
2018-06-19,2.78,2.8,2.77,2.78,2.78,232990,648444.3,UNACEMC1
2018-06-20,2.78,2.78,2.78,2.78,2.78,243602,677213.56,UNACEMC1
2018-06-21,2.77,2.8,2.77,2.8,2.8,325000,909700,UNACEMC1
2018-06-22,2.8,2.8,2.8,2.8,2.8,52937,148223.6,UNACEMC1
2018-06-25,2.8,2.81,2.8,2.81,2.8,112277,314596.24,UNACEMC1
2018-06-26,2.81,2.85,2.81,2.85,2.82,301990,852007.78,UNACEMC1
2018-06-27,2.85,2.85,2.85,2.85,2.85,355000,1011750,UNACEMC1
2018-06-28,2.85,2.86,2.85,2.85,2.86,246874,705160.27,UNACEMC1
2018-07-02,2.85,2.86,2.85,2.85,2.86,0,0,UNACEMC1
2018-07-03,2.85,2.9,2.85,2.9,2.86,96451,276108.15,UNACEMC1
2018-07-04,2.85,2.9,2.85,2.9,2.86,1,2.95,UNACEMC1
2018-07-05,2.9,2.9,2.9,2.9,2.9,176080,510632,UNACEMC1
2018-07-06,2.9,2.9,2.9,2.9,2.9,122532,355342.8,UNACEMC1
2018-07-09,2.89,2.9,2.89,2.9,2.9,122905,355924.83,UNACEMC1
2018-07-10,2.89,2.89,2.85,2.85,2.88,52964,152327.4,UNACEMC1
2018-07-11,2.8,2.8,2.8,2.8,2.8,310781,870186.8,UNACEMC1
2018-07-12,2.8,2.8,2.8,2.8,2.8,0,0,UNACEMC1
2018-07-13,2.75,2.88,2.75,2.88,2.82,24160,68237.5,UNACEMC1
2018-07-16,2.88,2.88,2.85,2.85,2.86,12000,34290,UNACEMC1
2018-07-17,2.85,2.9,2.85,2.89,2.88,64567,186067.74,UNACEMC1
2018-07-18,2.87,2.87,2.87,2.87,2.87,30000,86100,UNACEMC1
2018-07-19,2.87,2.87,2.87,2.87,2.87,8590,24653.3,UNACEMC1
2018-07-20,2.85,2.86,2.85,2.86,2.86,90972,260158.2,UNACEMC1
2018-07-23,2.86,2.86,2.86,2.86,2.86,171464,490387.04,UNACEMC1
2018-07-24,2.85,2.85,2.85,2.85,2.85,2170,6184.5,UNACEMC1
2018-07-25,2.85,2.85,2.85,2.85,2.85,11878,33852.3,UNACEMC1
2018-07-26,2.85,2.86,2.85,2.86,2.86,31482,89921.2,UNACEMC1
2018-07-27,2.85,2.86,2.85,2.86,2.86,0,0,UNACEMC1
2018-07-30,2.85,2.85,2.85,2.85,2.85,166490,474496.5,UNACEMC1
2018-07-31,2.85,2.85,2.85,2.85,2.85,52938,150873.3,UNACEMC1
2018-08-01,2.79,2.79,2.79,2.79,2.79,9500,26505,UNACEMC1
2018-08-02,2.73,2.73,2.73,2.73,2.73,10380,28337.4,UNACEMC1
2018-08-03,2.73,2.73,2.73,2.73,2.73,0,0,UNACEMC1
2018-08-06,2.76,2.79,2.76,2.76,2.76,110000,303900,UNACEMC1
2018-08-07,2.73,2.73,2.72,2.72,2.72,62150,169098,UNACEMC1
2018-08-08,2.72,2.79,2.72,2.79,2.73,47850,130851.72,UNACEMC1
2018-08-09,2.75,2.75,2.71,2.71,2.72,51156,139189.5,UNACEMC1
2018-08-10,2.77,2.77,2.77,2.77,2.77,5500,15235,UNACEMC1
2018-08-13,2.74,2.74,2.74,2.74,2.74,2000,5480,UNACEMC1
2018-08-14,2.74,2.74,2.74,2.74,2.74,0,0,UNACEMC1
2018-08-15,2.62,2.7,2.6,2.65,2.63,2020000,5303320,UNACEMC1
2018-08-16,2.7,2.7,2.62,2.62,2.63,525966,1383780.92,UNACEMC1
2018-08-17,2.62,2.62,2.62,2.62,2.62,347000,909140,UNACEMC1
2018-08-20,2.62,2.62,2.62,2.62,2.62,550000,1441000,UNACEMC1
2018-08-21,2.62,2.62,2.59,2.59,2.62,713226,1865214.6,UNACEMC1
2018-08-22,2.58,2.59,2.58,2.59,2.59,14120,36528.32,UNACEMC1
2018-08-23,2.58,2.59,2.58,2.59,2.59,60911,157729.49,UNACEMC1
2018-08-24,2.58,2.58,2.58,2.58,2.58,54102,139583.16,UNACEMC1
2018-08-27,2.6,2.62,2.59,2.59,2.61,131602,343370.2,UNACEMC1
2018-08-28,2.58,2.58,2.5,2.5,2.54,154549,392709.64,UNACEMC1
2018-08-29,2.5,2.5,2.5,2.5,2.5,17074,42685,UNACEMC1
2018-08-31,2.45,2.5,2.45,2.5,2.5,1288710,3220465,UNACEMC1
2018-09-03,2.5,2.5,2.5,2.5,2.5,199785,499462.5,UNACEMC1
2018-09-04,2.5,2.5,2.5,2.5,2.5,117063,292657.5,UNACEMC1
2018-09-05,2.51,2.51,2.5,2.5,2.5,72463,181196.83,UNACEMC1
2018-09-06,2.5,2.5,2.5,2.5,2.5,317600,794000,UNACEMC1
2018-09-07,2.5,2.5,2.5,2.5,2.5,3949,9872.5,UNACEMC1
2018-09-10,2.5,2.5,2.5,2.5,2.5,37935,94837.5,UNACEMC1
2018-09-11,2.5,2.5,2.5,2.5,2.5,0,0,UNACEMC1
2018-09-12,2.5,2.5,2.5,2.5,2.5,0,0,UNACEMC1
2018-09-13,2.5,2.51,2.5,2.51,2.51,102534,257064.15,UNACEMC1
2018-09-14,2.5,2.51,2.5,2.51,2.51,0,0,UNACEMC1
2018-09-17,2.45,2.45,2.28,2.33,2.44,260735,637299.7,UNACEMC1
2018-09-18,2.49,2.5,2.44,2.44,2.48,112000,277459.63,UNACEMC1
2018-09-19,2.49,2.5,2.44,2.44,2.48,0,0,UNACEMC1
2018-09-20,2.42,2.42,2.38,2.38,2.4,88475,212309.5,UNACEMC1
2018-09-21,2.42,2.42,2.38,2.38,2.4,0,0,UNACEMC1
2018-09-24,2.42,2.42,2.38,2.38,2.4,0,0,UNACEMC1
2018-09-25,2.29,2.3,2.29,2.3,2.3,68083,156520.9,UNACEMC1
2018-09-26,2.3,2.31,2.3,2.3,2.3,104102,239534.6,UNACEMC1
2018-09-27,2.3,2.31,2.3,2.3,2.3,0,0,UNACEMC1
2018-09-28,2.3,2.3,2.3,2.3,2.3,63000,144900,UNACEMC1
2018-10-01,2.25,2.25,2.18,2.18,2.19,409718,895961.34,UNACEMC1
2018-10-02,2.2,2.4,2.19,2.3,2.29,206150,472885,UNACEMC1
2018-10-03,2.3,2.32,2.3,2.32,2.31,16500,38065,UNACEMC1
2018-10-04,2.25,2.3,2.25,2.28,2.29,54869,125768.7,UNACEMC1
2018-10-05,2.28,2.28,2.19,2.19,2.22,93915,208375.04,UNACEMC1
2018-10-09,2.21,2.21,2.15,2.15,2.19,128182,280365.8,UNACEMC1
2018-10-10,2.15,2.2,2.15,2.19,2.16,188923,408010.6,UNACEMC1
2018-10-11,2.17,2.17,2.17,2.17,2.17,6666,14465.22,UNACEMC1
2018-10-12,2.21,2.21,2.21,2.21,2.21,34040,75207.6,UNACEMC1
2018-10-15,2.21,2.21,2.21,2.21,2.21,15722,34745.62,UNACEMC1
2018-10-16,2.21,2.21,2.21,2.21,2.21,0,0,UNACEMC1
2018-10-17,2.1,2.15,2.1,2.11,2.1,72438,152339.8,UNACEMC1
2018-10-18,2.11,2.11,2.11,2.11,2.11,9541,20131.51,UNACEMC1
2018-10-19,2.21,2.25,2.15,2.25,2.23,67760,150794,UNACEMC1
2018-10-22,2.21,2.21,2.21,2.21,2.21,38860,85880.6,UNACEMC1
2018-10-23,2.16,2.16,2.16,2.16,2.16,113640,245502.9,UNACEMC1
2018-10-24,2.13,2.15,2.13,2.15,2.14,15032,32218.16,UNACEMC1
2018-10-25,2.13,2.15,2.13,2.15,2.14,0,0,UNACEMC1
2018-10-26,2.12,2.12,2.12,2.12,2.12,34574,73209.38,UNACEMC1
2018-10-29,2.11,2.11,2.11,2.11,2.11,6479,13643.4,UNACEMC1
2018-10-30,2.11,2.11,2.11,2.11,2.11,29670,62603.7,UNACEMC1
2018-10-31,2.11,2.11,2.11,2.11,2.11,5000,10550,UNACEMC1
2018-11-02,2.11,2.11,2.1,2.1,2.11,16508,34788.92,UNACEMC1
2018-11-05,2.24,2.24,2.22,2.22,2.23,131004,292668.98,UNACEMC1
2018-11-06,2.22,2.22,2.2,2.2,2.2,30711,67659.2,UNACEMC1
2018-11-07,2.2,2.2,2.18,2.18,2.19,53920,117994,UNACEMC1
2018-11-08,2.11,2.11,2.11,2.11,2.11,25200,53172,UNACEMC1
2018-11-09,2.11,2.2,2.11,2.2,2.2,72633,159555.63,UNACEMC1
2018-11-12,2.11,2.2,2.11,2.2,2.2,0,0,UNACEMC1
2018-11-13,2.2,2.2,2.15,2.15,2.15,71050,152860,UNACEMC1
2018-11-14,2.14,2.14,2.14,2.14,2.14,7726,16533.64,UNACEMC1
2018-11-15,2.11,2.11,2.1,2.1,2.1,25500,53600,UNACEMC1
2018-11-16,2.1,2.1,2.1,2.1,2.1,38958,81811.8,UNACEMC1
2018-11-19,2.1,2.1,2.1,2.1,2.1,37122,77942.2,UNACEMC1
2018-11-20,2.11,2.11,2.1,2.1,2.1,55564,116940.04,UNACEMC1
2018-11-21,2.1,2.1,2.1,2.1,2.1,33745,70864.5,UNACEMC1
2018-11-22,2.1,2.1,2.1,2.1,2.1,13932,29257.2,UNACEMC1
2018-11-23,2.1,2.1,2.1,2.1,2.1,1706,3616.72,UNACEMC1
2018-11-26,2.12,2.23,2.12,2.22,2.2,82711,182231.8,UNACEMC1
2018-11-27,2.25,2.25,2.25,2.25,2.25,33020,74295,UNACEMC1
2018-11-28,2.25,2.3,2.2,2.3,2.21,672300,1484072.45,UNACEMC1
2018-11-29,2.35,2.44,2.35,2.4,2.39,31642,75504.05,UNACEMC1
2018-11-30,2.4,2.45,2.4,2.4,2.4,829147,1992654.8,UNACEMC1
2018-12-03,2.5,2.65,2.5,2.65,2.62,247039,646609.8,UNACEMC1
2018-12-04,2.68,2.75,2.66,2.66,2.74,1182032,3240435.24,UNACEMC1
2018-12-05,2.75,2.77,2.75,2.76,2.76,69782,192473.5,UNACEMC1
2018-12-06,2.76,2.76,2.75,2.75,2.76,405866,1119570.16,UNACEMC1
2018-12-07,2.75,2.75,2.7,2.7,2.75,499717,1372493.75,UNACEMC1
2018-12-10,2.7,2.7,2.65,2.65,2.69,813339,2187615.3,UNACEMC1
2018-12-11,2.65,2.67,2.6,2.64,2.65,855085,2264030.35,UNACEMC1
2018-12-12,2.63,2.75,2.6,2.7,2.67,885621,2362188.25,UNACEMC1
2018-12-13,2.69,2.69,2.65,2.65,2.68,77513,207709.98,UNACEMC1
2018-12-14,2.65,2.7,2.6,2.65,2.65,179447,474991.05,UNACEMC1
2018-12-17,2.7,2.7,2.65,2.65,2.67,122322,326153.3,UNACEMC1
2018-12-18,2.69,2.69,2.69,2.69,2.69,20000,53800,UNACEMC1
2018-12-19,2.66,2.66,2.6,2.6,2.65,128959,341293.4,UNACEMC1
2018-12-20,2.6,2.6,2.6,2.6,2.6,36759,95573.4,UNACEMC1
2018-12-21,2.6,2.6,2.6,2.6,2.6,19000,49400,UNACEMC1
2018-12-24,2.6,2.6,2.6,2.6,2.6,0,0,UNACEMC1
2018-12-26,2.6,2.6,2.6,2.6,2.6,0,0,UNACEMC1
2018-12-27,2.6,2.6,2.6,2.6,2.6,0,0,UNACEMC1
2018-12-28,2.6,2.6,2.58,2.6,2.59,855712,2218851.2,UNACEMC1
2018-12-31,2.6,2.6,2.58,2.6,2.59,0,0,UNACEMC1
2019-01-02,2.58,2.58,2.58,2.58,2.58,64386,166115.88,UNACEMC1
2019-01-03,2.55,2.55,2.55,2.55,2.55,104773,267171.15,UNACEMC1
2019-01-04,2.52,2.58,2.52,2.58,2.52,744368,1876372.36,UNACEMC1
2019-01-07,2.58,2.58,2.58,2.58,2.58,153280,395462.4,UNACEMC1
2019-01-08,2.54,2.54,2.54,2.54,2.54,20000,50800,UNACEMC1
2019-01-09,2.54,2.6,2.54,2.6,2.6,279000,725198.5,UNACEMC1
2019-01-10,2.54,2.6,2.54,2.6,2.6,0,0,UNACEMC1
2019-01-11,2.54,2.6,2.54,2.6,2.6,0,0,UNACEMC1
2019-01-14,2.54,2.6,2.54,2.6,2.6,0,0,UNACEMC1
2019-01-15,2.52,2.6,2.52,2.6,2.53,123000,311800,UNACEMC1
2019-01-16,2.52,2.6,2.52,2.6,2.53,0,0,UNACEMC1
2019-01-17,2.52,2.6,2.52,2.6,2.53,1100,2695,UNACEMC1
2019-01-18,2.52,2.6,2.52,2.6,2.53,0,0,UNACEMC1
2019-01-21,2.52,2.6,2.52,2.6,2.53,0,0,UNACEMC1
2019-01-22,2.56,2.56,2.45,2.5,2.53,628342,1588440.8,UNACEMC1
2019-01-23,2.45,2.45,2.45,2.45,2.45,23450,57452.5,UNACEMC1
2019-01-24,2.5,2.6,2.5,2.6,2.58,77400,199480,UNACEMC1
2019-01-25,2.5,2.6,2.5,2.6,2.58,0,0,UNACEMC1
2019-01-28,2.5,2.6,2.5,2.6,2.58,0,0,UNACEMC1
2019-01-29,2.5,2.6,2.5,2.6,2.58,0,0,UNACEMC1
2019-01-30,2.56,2.58,2.56,2.58,2.56,52550,134728,UNACEMC1
2019-01-31,2.6,2.6,2.6,2.6,2.6,10700,27820,UNACEMC1
2019-02-01,2.69,2.7,2.69,2.7,2.69,42500,114525,UNACEMC1
2019-02-04,2.7,2.71,2.69,2.69,2.7,47524,128185.56,UNACEMC1
2019-02-05,2.69,2.69,2.68,2.68,2.68,23100,61939,UNACEMC1
2019-02-06,2.67,2.7,2.67,2.69,2.69,229488,617494.72,UNACEMC1
2019-02-07,2.72,2.75,2.69,2.71,2.72,193182,526008.48,UNACEMC1
2019-02-08,2.73,2.73,2.73,2.73,2.73,200000,546000,UNACEMC1
2019-02-11,2.73,2.73,2.7,2.7,2.72,18639,50625.3,UNACEMC1
2019-02-12,2.69,2.69,2.69,2.69,2.69,3000,8070,UNACEMC1
2019-02-13,2.65,2.65,2.63,2.63,2.65,323414,856677.12,UNACEMC1
2019-02-14,2.6,2.67,2.6,2.67,2.62,141822,371377.2,UNACEMC1
2019-02-15,2.6,2.68,2.6,2.68,2.62,30869,80792.68,UNACEMC1
2019-02-18,2.65,2.66,2.65,2.66,2.66,38200,101430,UNACEMC1
2019-02-19,2.65,2.66,2.65,2.66,2.66,0,0,UNACEMC1
2019-02-20,2.65,2.66,2.65,2.66,2.66,0,0,UNACEMC1
2019-02-21,2.6,2.6,2.6,2.6,2.6,35000,91000,UNACEMC1
2019-02-22,2.6,2.66,2.6,2.66,2.65,48054,127473.84,UNACEMC1
2019-02-25,2.67,2.69,2.66,2.66,2.68,33425,89530.5,UNACEMC1
2019-02-26,2.68,2.7,2.66,2.7,2.7,32110,86571.52,UNACEMC1
2019-02-27,2.68,2.7,2.66,2.7,2.7,0,0,UNACEMC1
2019-02-28,2.66,2.66,2.65,2.65,2.65,237095,628401.75,UNACEMC1
2019-03-01,2.65,2.7,2.65,2.7,2.68,91973,246849.73,UNACEMC1
2019-03-04,2.71,2.75,2.71,2.75,2.74,115165,315379.95,UNACEMC1
2019-03-05,2.75,2.75,2.75,2.75,2.75,7410,20377.5,UNACEMC1
2019-03-06,2.75,2.76,2.75,2.76,2.75,307386,845511.5,UNACEMC1
2019-03-07,2.75,2.78,2.75,2.78,2.77,246557,683541.35,UNACEMC1
2019-03-08,2.8,2.8,2.75,2.78,2.79,39265,109492,UNACEMC1
2019-03-11,2.78,2.8,2.78,2.8,2.8,70519,197193.2,UNACEMC1
2019-03-12,2.9,2.9,2.82,2.82,2.83,181038,511627.16,UNACEMC1
2019-03-13,2.84,2.9,2.84,2.86,2.88,1261892,3629811.66,UNACEMC1
2019-03-14,2.89,2.89,2.83,2.83,2.85,1049200,2985236,UNACEMC1
2019-03-15,2.82,2.82,2.79,2.8,2.8,359289,1007747.19,UNACEMC1
2019-03-18,2.8,2.8,2.8,2.8,2.8,141038,394906.4,UNACEMC1
2019-03-19,2.77,2.77,2.73,2.73,2.75,638854,1756654.56,UNACEMC1
2019-03-20,2.72,2.72,2.68,2.68,2.71,224834,610045.89,UNACEMC1
2019-03-21,2.68,2.7,2.68,2.7,2.69,76620,205741.6,UNACEMC1
2019-03-22,2.68,2.8,2.68,2.75,2.7,605910,1635029.8,UNACEMC1
2019-03-25,2.74,2.74,2.74,2.74,2.74,13872,38009.28,UNACEMC1
2019-03-26,2.74,2.74,2.74,2.74,2.74,0,0,UNACEMC1
2019-03-27,2.72,2.73,2.72,2.73,2.73,283810,774744.3,UNACEMC1
2019-03-28,2.72,2.73,2.72,2.73,2.73,0,0,UNACEMC1
2019-03-29,2.72,2.73,2.72,2.73,2.73,0,0,UNACEMC1
2019-04-01,2.72,2.72,2.72,2.72,2.72,104500,284240,UNACEMC1
2019-04-02,2.75,2.75,2.73,2.73,2.75,97269,267089.75,UNACEMC1
2019-04-03,2.71,2.73,2.71,2.73,2.73,75000,204431.76,UNACEMC1
2019-04-04,2.67,2.7,2.67,2.7,2.67,1173685,3138970.96,UNACEMC1
2019-04-05,2.7,2.71,2.7,2.7,2.7,95519,258157.09,UNACEMC1
2019-04-08,2.7,2.7,2.7,2.7,2.7,7600,20520,UNACEMC1
2019-04-09,2.7,2.7,2.7,2.7,2.7,0,0,UNACEMC1
2019-04-10,2.69,2.69,2.68,2.68,2.69,40000,107400,UNACEMC1
2019-04-11,2.66,2.66,2.66,2.66,2.66,149154,396749.64,UNACEMC1
2019-04-12,2.66,2.66,2.66,2.66,2.66,0,0,UNACEMC1
2019-04-15,2.59,2.63,2.59,2.63,2.62,150000,393362.64,UNACEMC1
2019-04-16,2.59,2.63,2.59,2.63,2.62,0,0,UNACEMC1
2019-04-17,2.59,2.63,2.59,2.63,2.62,0,0,UNACEMC1
2019-04-22,2.59,2.63,2.59,2.63,2.62,0,0,UNACEMC1
2019-04-23,2.6,2.6,2.5,2.55,2.52,81000,204460,UNACEMC1
2019-04-24,2.5,2.5,2.5,2.5,2.5,200000,500000,UNACEMC1
2019-04-25,2.51,2.51,2.51,2.51,2.51,60000,150600,UNACEMC1
2019-04-26,2.45,2.45,2.45,2.45,2.45,312302,765139.9,UNACEMC1
2019-04-29,2.45,2.45,2.45,2.45,2.45,401249,983060.05,UNACEMC1
2019-04-30,2.45,2.5,2.45,2.5,2.45,168192,412570.4,UNACEMC1
2019-05-02,2.5,2.5,2.45,2.5,2.5,452805,1131262.5,UNACEMC1
2019-05-03,2.5,2.6,2.5,2.6,2.55,65627,167067.56,UNACEMC1
2019-05-06,2.6,2.65,2.6,2.6,2.61,145000,377850,UNACEMC1
2019-05-07,2.6,2.65,2.6,2.6,2.61,0,0,UNACEMC1
2019-05-08,2.63,2.63,2.6,2.6,2.6,76785,199941,UNACEMC1
2019-05-09,2.6,2.6,2.6,2.6,2.6,18565,48269,UNACEMC1
2019-05-10,2.6,2.6,2.6,2.6,2.6,0,0,UNACEMC1
2019-05-13,2.45,2.7,2.45,2.6,2.49,534227,1327958.58,UNACEMC1
2019-05-14,2.45,2.7,2.45,2.6,2.49,0,0,UNACEMC1
2019-05-15,2.57,2.58,2.57,2.58,2.58,413700,1067246,UNACEMC1
2019-05-16,2.55,2.55,2.55,2.55,2.55,101734,259421.7,UNACEMC1
2019-05-17,2.45,2.45,2.45,2.45,2.45,18335,44920.75,UNACEMC1
2019-05-20,2.5,2.5,2.5,2.5,2.5,21911,54777.5,UNACEMC1
2019-05-21,2.5,2.5,2.5,2.5,2.5,0,0,UNACEMC1
2019-05-22,2.49,2.49,2.49,2.49,2.49,1500000,3735000,UNACEMC1
2019-05-23,2.49,2.49,2.49,2.49,2.49,0,0,UNACEMC1
2019-05-24,2.49,2.49,2.49,2.49,2.49,0,0,UNACEMC1
2019-05-27,2.45,2.48,2.45,2.45,2.46,1329750,3270587.5,UNACEMC1
2019-05-28,2.41,2.41,2.4,2.4,2.4,27341,65638.4,UNACEMC1
2019-05-29,2.4,2.45,2.4,2.45,2.42,48020,116173,UNACEMC1
2019-05-30,2.45,2.5,2.4,2.48,2.47,349288,862398.55,UNACEMC1
2019-05-31,2.45,2.5,2.4,2.48,2.47,1610,3944.5,UNACEMC1
2019-06-03,2.48,2.48,2.48,2.48,2.48,170000,421600,UNACEMC1
2019-06-04,2.48,2.48,2.48,2.48,2.48,0,0,UNACEMC1
2019-06-05,2.45,2.45,2.45,2.45,2.45,710714,1741249.3,UNACEMC1
2019-06-06,2.45,2.45,2.43,2.43,2.44,61792,151054.56,UNACEMC1
2019-06-07,2.45,2.45,2.43,2.43,2.44,0,0,UNACEMC1
2019-06-10,2.43,2.43,2.4,2.4,2.4,26801,64418.64,UNACEMC1
2019-06-11,2.4,2.41,2.4,2.41,2.41,2118950,5106709.5,UNACEMC1
2019-06-12,2.45,2.45,2.45,2.45,2.45,20000,49000,UNACEMC1
2019-06-13,2.45,2.45,2.45,2.45,2.45,9412,23059.4,UNACEMC1
2019-06-14,2.48,2.48,2.45,2.45,2.47,26000,64300,UNACEMC1
2019-06-17,2.46,2.55,2.46,2.5,2.5,114423,285909.98,UNACEMC1
2019-06-18,2.46,2.55,2.46,2.5,2.5,0,0,UNACEMC1
2019-06-19,2.46,2.55,2.46,2.5,2.5,0,0,UNACEMC1
2019-06-20,2.49,2.49,2.48,2.48,2.49,189000,470560,UNACEMC1
2019-06-21,2.48,2.48,2.45,2.45,2.46,96205,237022.25,UNACEMC1
2019-06-24,2.45,2.45,2.4,2.45,2.4,11050429,26523339.6,UNACEMC1
2019-06-25,2.4,2.43,2.4,2.4,2.41,6014898,14511220.71,UNACEMC1
2019-06-26,2.4,2.45,2.4,2.45,2.4,691053,1661227.2,UNACEMC1
2019-06-27,2.4,2.45,2.4,2.45,2.4,0,0,UNACEMC1
2019-06-28,2.45,2.45,2.44,2.44,2.45,80357,196850.95,UNACEMC1
2019-07-01,2.44,2.44,2.44,2.44,2.44,471160,1149584,UNACEMC1
2019-07-02,2.42,2.42,2.42,2.42,2.42,12694,30719.48,UNACEMC1
2019-07-03,2.38,2.4,2.38,2.4,2.39,11924,28470.76,UNACEMC1
2019-07-04,2.4,2.4,2.4,2.4,2.4,6057,14536.8,UNACEMC1
2019-07-05,2.4,2.4,2.4,2.4,2.4,7300254,17520609.6,UNACEMC1
2019-07-08,2.4,2.4,2.4,2.4,2.4,121001,290402.42,UNACEMC1
2019-07-09,2.4,2.4,2.4,2.4,2.4,0,0,UNACEMC1
2019-07-10,2.42,2.44,2.42,2.44,2.43,40000,97200,UNACEMC1
2019-07-11,2.42,2.42,2.41,2.41,2.42,75017,181492.59,UNACEMC1
2019-07-12,2.41,2.42,2.41,2.42,2.42,305257,738681.41,UNACEMC1
2019-07-15,2.4,2.4,2.4,2.4,2.4,10061,24150.45,UNACEMC1
2019-07-16,2.42,2.42,2.42,2.42,2.42,20000,48400,UNACEMC1
2019-07-17,2.42,2.42,2.42,2.42,2.42,28300,68486,UNACEMC1
2019-07-18,2.44,2.44,2.4,2.4,2.42,10542006,25541738.52,UNACEMC1
2019-07-19,2.4,2.4,2.4,2.4,2.4,1479362,3550468.8,UNACEMC1
2019-07-22,2.4,2.4,2.4,2.4,2.4,105442,253060.8,UNACEMC1
2019-07-23,2.39,2.39,2.39,2.39,2.39,5000,11950,UNACEMC1
2019-07-24,2.39,2.39,2.39,2.39,2.39,11885,28369.75,UNACEMC1
2019-07-25,2.39,2.4,2.39,2.4,2.39,4694765,11220996,UNACEMC1
2019-07-26,2.4,2.4,2.4,2.4,2.4,9390,22536,UNACEMC1
2019-07-30,2.4,2.4,2.4,2.4,2.4,0,0,UNACEMC1
2019-07-31,2.38,2.38,2.36,2.36,2.36,718785,1696732.6,UNACEMC1
2019-08-01,2.35,2.35,2.35,2.35,2.35,635384,1493152.4,UNACEMC1
2019-08-02,2.35,2.35,2.35,2.35,2.35,24367,57262.45,UNACEMC1
2019-08-05,2.3,2.3,2.3,2.3,2.3,11000,25300,UNACEMC1
2019-08-06,2.3,2.3,2.3,2.3,2.3,9806,22564.36,UNACEMC1
2019-08-07,2.3,2.3,2.3,2.3,2.3,1833,4215.9,UNACEMC1
2019-08-08,2.3,2.3,2.3,2.3,2.3,10090360,23207828,UNACEMC1
2019-08-09,2.3,2.3,2.3,2.3,2.3,0,0,UNACEMC1
2019-08-12,2.27,2.27,2.27,2.27,2.27,119241,270677.07,UNACEMC1
2019-08-13,2.24,2.24,2.24,2.24,2.24,50000,112000,UNACEMC1
2019-08-14,2.26,2.26,2.26,2.26,2.26,11055621,24985703.46,UNACEMC1
2019-08-15,2.26,2.26,2.26,2.26,2.26,0,0,UNACEMC1
2019-08-16,2.35,2.35,2.35,2.35,2.35,249568,586484.8,UNACEMC1
2019-08-19,2.35,2.35,2.35,2.35,2.35,103870,244094.5,UNACEMC1
2019-08-20,2.34,2.34,2.34,2.34,2.34,10000,23400,UNACEMC1
2019-08-21,2.35,2.35,2.35,2.35,2.35,6358,14941.3,UNACEMC1
2019-08-22,2.29,2.29,2.29,2.29,2.29,948592,2172329.68,UNACEMC1
2019-08-23,2.29,2.29,2.29,2.29,2.29,5918,13552.22,UNACEMC1
2019-08-26,2.29,2.29,2.29,2.29,2.29,0,0,UNACEMC1
2019-08-27,2.29,2.32,2.29,2.32,2.32,879272,2037532.88,UNACEMC1
2019-08-28,2.29,2.32,2.29,2.32,2.32,1000,2320,UNACEMC1
2019-08-29,2.29,2.32,2.29,2.32,2.32,0,0,UNACEMC1
2019-09-02,2.32,2.32,2.32,2.32,2.32,14350,33292,UNACEMC1
2019-09-03,2.32,2.32,2.32,2.32,2.32,14730,34173.6,UNACEMC1
2019-09-04,2.32,2.32,2.32,2.32,2.32,47749,110777.68,UNACEMC1
2019-09-05,2.35,2.35,2.33,2.33,2.33,167869,391334.77,UNACEMC1
2019-09-06,2.27,2.27,2.27,2.27,2.27,219012,497247.64,UNACEMC1
2019-09-09,2.25,2.25,2.25,2.25,2.25,78495,176613.75,UNACEMC1
2019-09-10,2.25,2.25,2.25,2.25,2.25,0,0,UNACEMC1
2019-09-11,2.18,2.2,2.18,2.2,2.18,73592,160659.56,UNACEMC1
2019-09-12,2.18,2.18,2.18,2.18,2.18,11900,25942,UNACEMC1
2019-09-13,2.18,2.2,2.18,2.2,2.2,88443,194439.92,UNACEMC1
2019-09-16,2.18,2.2,2.18,2.2,2.2,0,0,UNACEMC1
2019-09-17,2.2,2.2,2.2,2.2,2.2,13401,29482.2,UNACEMC1
2019-09-18,2.21,2.21,2.2,2.2,2.2,121147,266734.87,UNACEMC1
2019-09-19,2.21,2.21,2.2,2.2,2.2,421,905.15,UNACEMC1
2019-09-20,2.21,2.21,2.2,2.2,2.2,0,0,UNACEMC1
2019-09-23,2.21,2.21,2.2,2.2,2.2,0,0,UNACEMC1
2019-09-24,2.21,2.21,2.2,2.2,2.2,0,0,UNACEMC1
2019-09-25,2.21,2.21,2.2,2.2,2.2,0,0,UNACEMC1
2019-09-26,2.16,2.16,2.15,2.15,2.15,14600,31459,UNACEMC1
2019-09-27,2.15,2.15,2,2.13,2.14,325830,696890.92,UNACEMC1
2019-09-30,2.15,2.15,2,2.13,2.14,0,0,UNACEMC1
2019-10-01,2.11,2.11,2,2,2,925742,1855208.2,UNACEMC1
2019-10-02,2.01,2.03,2,2.03,2.01,177428,357234.4,UNACEMC1
2019-10-03,2.03,2.04,2.01,2.04,2.01,10465135,21035416.55,UNACEMC1
2019-10-04,2.04,2.04,2.02,2.02,2.02,258855,523149.94,UNACEMC1
2019-10-07,2.02,2.02,2.02,2.02,2.02,20000,40400,UNACEMC1
2019-10-09,2.02,2.02,2.02,2.02,2.02,1216,2456.32,UNACEMC1
2019-10-10,2.02,2.02,2,2.02,2.01,714954,1435256.23,UNACEMC1
2019-10-11,2.02,2.02,2,2,2,191908,384354.8,UNACEMC1
2019-10-14,2.01,2.1,2.01,2.1,2.02,217030,438326.95,UNACEMC1
2019-10-15,2.1,2.1,2.1,2.1,2.1,298890,627669,UNACEMC1
2019-10-16,2.14,2.14,2.11,2.11,2.11,15883362,33514881.17,UNACEMC1
2019-10-17,2.13,2.17,2.13,2.17,2.15,9396,20215.48,UNACEMC1
2019-10-18,2.2,2.2,2.2,2.2,2.2,80261,176639.35,UNACEMC1
2019-10-21,2.2,2.2,2.13,2.13,2.14,17704,37884.52,UNACEMC1
2019-10-22,2,2.02,2,2.02,2.01,106818,214304.23,UNACEMC1
2019-10-23,2.1,2.14,2.1,2.14,2.1,94000,197575,UNACEMC1
2019-10-24,2.14,2.14,2.1,2.1,2.11,4375575,9230516.66,UNACEMC1
2019-10-25,2.14,2.14,2.1,2.1,2.11,1542,3288.2,UNACEMC1
2019-10-28,2.1,2.1,2.1,2.1,2.1,24205,50830.5,UNACEMC1
2019-10-29,2.11,2.11,2.1,2.1,2.1,26937,56647.6,UNACEMC1
2019-10-30,2.11,2.15,2.1,2.15,2.11,53138,111886.18,UNACEMC1
2019-10-31,2.1,2.13,2.1,2.13,2.13,188000,399660,UNACEMC1
2019-11-04,2.13,2.13,2.13,2.13,2.13,8000,17040,UNACEMC1
2019-11-05,2.15,2.15,2.1,2.1,2.1,3504556,7360340.1,UNACEMC1
2019-11-06,2.11,2.12,2.11,2.12,2.11,34271,72464.05,UNACEMC1
2019-11-07,2.12,2.12,2.12,2.12,2.12,117690,249502.8,UNACEMC1
2019-11-08,2.12,2.12,2.09,2.09,2.1,114430,240122.23,UNACEMC1
2019-11-11,2.05,2.05,2.05,2.05,2.05,528730,1083896.5,UNACEMC1
2019-11-12,2.05,2.05,2,2,2.01,168990,339310,UNACEMC1
2019-11-13,2,2,2,2,2,53065,106130,UNACEMC1
2019-11-14,1.98,1.98,1.98,1.98,1.98,158013,312865.74,UNACEMC1
2019-11-15,2.02,2.02,2.02,2.02,2.02,7500,15150,UNACEMC1
2019-11-18,2.02,2.02,2.02,2.02,2.02,0,0,UNACEMC1
2019-11-19,2.02,2.02,2.02,2.02,2.02,27023,54586.46,UNACEMC1
2019-11-20,2.01,2.01,2.01,2.01,2.01,84477,169798.77,UNACEMC1
2019-11-21,2.01,2.01,1.99,1.99,1.99,130224,259645.76,UNACEMC1
2019-11-22,1.99,2,1.97,2,1.98,474623,939567.65,UNACEMC1
2019-11-25,2,2,2,2,1.99,5500,10970,UNACEMC1
2019-11-26,2,2,1.97,1.97,1.97,611277,1205603.26,UNACEMC1
2019-11-27,1.96,2,1.93,2,1.93,1373903,2656608.57,UNACEMC1
2019-11-28,2,2.01,1.99,2,2.01,69933,140235.29,UNACEMC1
2019-11-29,2,2,2,2,2,39000,78000,UNACEMC1
2019-12-02,1.99,2,1.99,2,1.99,23302,46403.78,UNACEMC1
2019-12-03,1.99,2,1.99,2,1.99,1421,2760.95,UNACEMC1
2019-12-04,1.94,1.94,1.93,1.93,1.93,71622,138380.46,UNACEMC1
2019-12-05,1.94,1.94,1.93,1.93,1.93,0,0,UNACEMC1
2019-12-06,2,2,2,2,2,40020,79992,UNACEMC1
2019-12-09,1.96,1.96,1.96,1.96,1.96,30000,58800,UNACEMC1
2019-12-10,1.96,2,1.96,2,2,800618,1600731.28,UNACEMC1
2019-12-11,2,2.01,2,2,2,26647,53318.8,UNACEMC1
2019-12-12,1.96,1.96,1.96,1.96,1.96,274139,537312.44,UNACEMC1
2019-12-13,1.95,1.96,1.95,1.96,1.95,166100,324645,UNACEMC1
2019-12-16,2,2,1.98,1.98,1.99,145900,290242,UNACEMC1
2019-12-17,1.96,1.96,1.94,1.94,1.96,34200,66940,UNACEMC1
2019-12-18,1.94,1.94,1.94,1.94,1.94,6734,13063.96,UNACEMC1
2019-12-19,1.95,1.95,1.95,1.95,1.95,74730,145740.8,UNACEMC1
2019-12-20,1.95,1.95,1.95,1.95,1.95,3090,6025.5,UNACEMC1
2019-12-23,1.95,1.95,1.95,1.95,1.95,366426,714530.7,UNACEMC1
2019-12-24,1.94,1.94,1.94,1.94,1.94,6390,12396.6,UNACEMC1
2019-12-26,1.97,2,1.97,2,1.99,38400,76230,UNACEMC1
2019-12-27,2,2,2,2,2,5086,10156.36,UNACEMC1
2019-12-30,2,2,2,2,1.99,6760,13478.75,UNACEMC1
2019-12-31,2,2,2,2,1.99,0,0,UNACEMC1
2020-01-02,2,2,2,2,2,6905,13790,UNACEMC1
2020-01-03,1.98,2.02,1.98,2,1.99,1405000,2796126.52,UNACEMC1
2020-01-06,2,2,2,2,2,1053290,2106580,UNACEMC1
2020-01-07,1.98,2,1.98,2,1.99,20200,40228,UNACEMC1
2020-01-08,2,2,2,2,2,28500,56990,UNACEMC1
2020-01-09,1.98,1.98,1.98,1.98,1.98,169662,335930.76,UNACEMC1
2020-01-10,1.96,1.99,1.95,1.95,1.95,1201878,2345132.1,UNACEMC1
2020-01-13,1.96,1.96,1.95,1.95,1.96,91822,179846.12,UNACEMC1
2020-01-14,1.96,1.96,1.94,1.96,1.95,210744,411090.8,UNACEMC1
2020-01-15,1.96,1.96,1.94,1.94,1.95,264780,516478.8,UNACEMC1
2020-01-16,1.94,1.95,1.94,1.95,1.95,137700,268447.1,UNACEMC1
2020-01-17,1.95,1.95,1.88,1.95,1.91,230676,441553.88,UNACEMC1
2020-01-20,1.96,1.96,1.95,1.95,1.95,7550,14748,UNACEMC1
2020-01-21,1.95,1.95,1.9,1.93,1.91,1128346,2151407.4,UNACEMC1
2020-01-22,1.93,1.95,1.93,1.95,1.94,980762,1902377.66,UNACEMC1
2020-01-23,1.93,1.95,1.93,1.95,1.93,384966,743148.94,UNACEMC1
2020-01-24,1.95,1.95,1.94,1.94,1.95,461281,899237.95,UNACEMC1
2020-01-27,1.94,1.94,1.94,1.94,1.94,176234,341893.96,UNACEMC1
2020-01-28,1.94,1.94,1.92,1.92,1.93,110204,212151.88,UNACEMC1
2020-01-29,1.92,1.92,1.91,1.92,1.92,2416130,4638836.6,UNACEMC1
2020-01-30,1.92,1.92,1.91,1.92,1.92,0,0,UNACEMC1
2020-01-31,1.92,1.92,1.9,1.9,1.9,70284,133879.6,UNACEMC1
2020-02-03,2,2,1.88,1.89,1.88,224201,422263.99,UNACEMC1
2020-02-04,1.91,1.95,1.91,1.95,1.91,4276671,8175314.55,UNACEMC1
2020-02-05,1.96,2,1.96,1.99,1.98,677301,1341872,UNACEMC1
2020-02-06,1.99,1.99,1.98,1.98,1.98,533413,1056418.24,UNACEMC1
2020-02-07,1.98,1.98,1.98,1.98,1.98,47674,94394.52,UNACEMC1
2020-02-10,1.97,1.97,1.97,1.97,1.97,49500,97515.03,UNACEMC1
2020-02-11,1.98,1.98,1.98,1.98,1.98,13500,26710,UNACEMC1
2020-02-12,1.97,1.98,1.97,1.97,1.97,112295,221597.89,UNACEMC1
2020-02-13,1.97,1.98,1.97,1.97,1.97,0,0,UNACEMC1
2020-02-14,1.99,1.99,1.97,1.97,1.97,1183258,2331138.26,UNACEMC1
2020-02-17,1.97,1.97,1.97,1.97,1.97,388700,765779,UNACEMC1
2020-02-18,1.97,1.97,1.97,1.97,1.97,86841,171076.77,UNACEMC1
2020-02-19,2,2,1.97,1.97,1.97,33000,65100,UNACEMC1
2020-02-20,1.97,1.97,1.97,1.97,1.97,183040,360588.8,UNACEMC1
2020-02-21,1.97,1.97,1.97,1.97,1.97,56614,111539.58,UNACEMC1
2020-02-24,1.97,1.97,1.96,1.96,1.96,22997,45142.09,UNACEMC1
2020-02-25,1.95,1.95,1.95,1.95,1.95,71622,139662.9,UNACEMC1
2020-02-26,1.94,1.94,1.94,1.94,1.94,349132,677316.08,UNACEMC1
2020-02-27,1.93,1.93,1.91,1.91,1.92,432512,832097.92,UNACEMC1
2020-02-28,1.9,2,1.9,1.97,1.97,415976,817847.63,UNACEMC1
2020-03-02,1.96,1.96,1.96,1.96,1.96,499680,979372.8,UNACEMC1
2020-03-03,1.96,1.97,1.95,1.96,1.96,1063434,2081720.9,UNACEMC1
2020-03-04,1.96,1.96,1.95,1.95,1.95,1059000,2065350,UNACEMC1
2020-03-05,1.95,1.95,1.93,1.93,1.93,403764,779417.52,UNACEMC1
2020-03-06,1.9,1.9,1.89,1.89,1.89,152878,289094.42,UNACEMC1
2020-03-09,1.9,1.9,1.89,1.89,1.89,0,0,UNACEMC1
2020-03-10,1.83,1.83,1.8,1.8,1.82,43599,79354.12,UNACEMC1
2020-03-11,1.75,1.75,1.7,1.7,1.71,106000,181608.05,UNACEMC1
2020-03-12,1.65,1.65,1.65,1.65,1.65,41750,68927.5,UNACEMC1
2020-03-13,1.66,1.7,1.66,1.7,1.69,32879,55531.14,UNACEMC1
2020-03-16,1.66,1.7,1.66,1.7,1.69,0,0,UNACEMC1
2020-03-17,1.7,1.7,1.6,1.6,1.6,749614,1199932.4,UNACEMC1
2020-03-18,1.6,1.6,1.59,1.59,1.6,11000,17570,UNACEMC1
2020-03-19,1.59,1.59,1.59,1.59,1.59,21963,34921.17,UNACEMC1
2020-03-20,1.59,1.59,1.59,1.59,1.59,14037,22318.83,UNACEMC1
2020-03-23,1.59,1.59,1.59,1.59,1.59,0,0,UNACEMC1
2020-03-24,1.59,1.59,1.59,1.59,1.59,0,0,UNACEMC1
2020-03-25,1.5,1.5,1.47,1.49,1.49,272878,406117,UNACEMC1
2020-03-26,1.48,1.51,1.48,1.49,1.49,137200,205018,UNACEMC1
2020-03-27,1.45,1.45,1.4,1.4,1.42,357456,507818.52,UNACEMC1
2020-03-30,1.38,1.38,1.31,1.31,1.33,2034689,2715793.32,UNACEMC1
2020-03-31,1.36,1.36,1.35,1.35,1.35,430000,580800,UNACEMC1
2020-04-01,1.35,1.35,1.32,1.32,1.33,508604,674470.65,UNACEMC1
2020-04-02,1.32,1.32,1.32,1.32,1.32,425425,561546,UNACEMC1
2020-04-03,1.32,1.32,1.27,1.27,1.29,122839,158535.7,UNACEMC1
2020-04-06,1.27,1.27,1.27,1.27,1.27,130839,166165.53,UNACEMC1
2020-04-07,1.27,1.27,1.27,1.27,1.27,107900,137033,UNACEMC1
2020-04-08,1.26,1.26,1.26,1.26,1.26,76439,96313.14,UNACEMC1
2020-04-13,1.26,1.26,1.26,1.26,1.26,25798,32505.48,UNACEMC1
2020-04-14,1.3,1.3,1.3,1.3,1.3,260000,338000,UNACEMC1
2020-04-15,1.31,1.35,1.3,1.35,1.32,99203,130824.05,UNACEMC1
2020-04-16,1.35,1.4,1.35,1.35,1.35,220924,298497.4,UNACEMC1
2020-04-17,1.35,1.35,1.35,1.35,1.35,90100,121675,UNACEMC1
2020-04-20,1.35,1.35,1.35,1.35,1.35,0,0,UNACEMC1
2020-04-21,1.31,1.35,1.3,1.3,1.31,213086,280053.1,UNACEMC1
2020-04-22,1.31,1.35,1.3,1.3,1.31,0,0,UNACEMC1
2020-04-23,1.3,1.3,1.25,1.28,1.28,82065,104715.15,UNACEMC1
2020-04-24,1.28,1.28,1.18,1.18,1.22,311531,380529.72,UNACEMC1
2020-04-27,1.15,1.15,1.15,1.15,1.15,149619,172099.5,UNACEMC1
2020-04-28,1.15,1.15,1.13,1.14,1.14,423489,483816.35,UNACEMC1
2020-04-29,1.14,1.15,1.14,1.15,1.15,1019395,1171539.86,UNACEMC1
2020-04-30,1.15,1.15,1.15,1.15,1.15,99000,113850,UNACEMC1
2020-05-04,1.15,1.18,1.15,1.18,1.16,49195,56916.25,UNACEMC1
2020-05-05,1.18,1.2,1.18,1.2,1.19,3946900,4690057.54,UNACEMC1
2020-05-06,1.21,1.24,1.2,1.22,1.2,1335400,1608077.8,UNACEMC1
2020-05-07,1.25,1.25,1.21,1.24,1.23,9236420,11373498.64,UNACEMC1
2020-05-08,1.24,1.25,1.24,1.25,1.25,2651760,3302168.21,UNACEMC1
2020-05-11,1.3,1.33,1.3,1.3,1.3,803298,1045486.07,UNACEMC1
2020-05-12,1.35,1.38,1.35,1.37,1.36,354960,482049.78,UNACEMC1
2020-05-13,1.37,1.37,1.35,1.35,1.36,779358,1060076.9,UNACEMC1
2020-05-14,1.3,1.3,1.28,1.3,1.29,132901,171029.89,UNACEMC1
2020-05-15,1.3,1.34,1.3,1.3,1.3,403279,524968.9,UNACEMC1
2020-05-18,1.3,1.37,1.3,1.34,1.33,217675,289868.47,UNACEMC1
2020-05-19,1.34,1.39,1.34,1.39,1.34,200804,269803.26,UNACEMC1
2020-05-20,1.4,1.4,1.4,1.4,1.4,36174,50643.6,UNACEMC1
2020-05-21,1.38,1.38,1.37,1.37,1.38,13239103,18268954.15,UNACEMC1
2020-05-22,1.35,1.35,1.34,1.34,1.34,218830,293522.75,UNACEMC1
2020-05-25,1.37,1.38,1.37,1.38,1.38,38411,52957.18,UNACEMC1
2020-05-26,1.38,1.38,1.38,1.38,1.38,108834,150190.92,UNACEMC1
2020-05-27,1.39,1.39,1.37,1.37,1.39,905136,1253763.6,UNACEMC1
2020-05-28,1.39,1.39,1.37,1.37,1.37,3780000,5182280,UNACEMC1
2020-05-29,1.39,1.4,1.39,1.4,1.4,361893,506570.2,UNACEMC1
2020-06-01,1.4,1.4,1.38,1.38,1.4,1019670,1427344.6,UNACEMC1
2020-06-02,1.4,1.4,1.38,1.4,1.38,262408,362902.72,UNACEMC1
2020-06-03,1.42,1.48,1.42,1.47,1.48,5142828,7608408.36,UNACEMC1
2020-06-04,1.51,1.52,1.5,1.5,1.5,2316106,3474709.11,UNACEMC1
2020-06-05,1.58,1.59,1.55,1.55,1.59,137391,217936.98,UNACEMC1
2020-06-08,1.56,1.65,1.56,1.58,1.58,5527286,8739200.66,UNACEMC1
2020-06-09,1.59,1.59,1.55,1.55,1.56,235437,367931.79,UNACEMC1
2020-06-10,1.55,1.56,1.55,1.56,1.56,2241452,3496037.6,UNACEMC1
2020-06-11,1.5,1.51,1.45,1.45,1.48,152111,225255.89,UNACEMC1
2020-06-12,1.45,1.54,1.45,1.54,1.45,153853,223667.85,UNACEMC1
2020-06-15,1.54,1.54,1.51,1.51,1.52,195471,296682.21,UNACEMC1
2020-06-16,1.53,1.62,1.53,1.6,1.58,91395,144264.35,UNACEMC1
2020-06-17,1.65,1.65,1.6,1.6,1.61,23693,38098.8,UNACEMC1
2020-06-18,1.6,1.61,1.6,1.6,1.6,101127,162023.2,UNACEMC1
2020-06-19,1.6,1.7,1.6,1.7,1.66,1078021,1794595.29,UNACEMC1
2020-06-22,1.7,1.7,1.7,1.7,1.7,3932,6684.4,UNACEMC1
2020-06-23,1.68,1.7,1.68,1.7,1.69,92763,157029.93,UNACEMC1
2020-06-24,1.7,1.7,1.69,1.7,1.7,107400,182080,UNACEMC1
2020-06-25,1.7,1.7,1.66,1.66,1.7,40605,68868.5,UNACEMC1
2020-06-26,1.65,1.65,1.6,1.6,1.63,75113,122157.34,UNACEMC1
2020-06-30,1.63,1.63,1.6,1.6,1.61,45100,72470.92,UNACEMC1
2020-07-01,1.6,1.61,1.6,1.6,1.6,118863,190280.18,UNACEMC1
2020-07-02,1.57,1.57,1.55,1.55,1.57,37306,58420.42,UNACEMC1
2020-07-03,1.55,1.55,1.55,1.55,1.55,103100,159805,UNACEMC1
2020-07-06,1.55,1.55,1.55,1.55,1.55,271354,420598.7,UNACEMC1
2020-07-07,1.55,1.55,1.55,1.55,1.55,73741,114298.55,UNACEMC1
2020-07-08,1.58,1.58,1.55,1.55,1.56,86780,135612.4,UNACEMC1
2020-07-09,1.55,1.55,1.52,1.52,1.53,148444,226709.6,UNACEMC1
2020-07-10,1.5,1.5,1.46,1.5,1.47,470337,690733.38,UNACEMC1
2020-07-13,1.52,1.52,1.48,1.48,1.48,2051798,3037756.62,UNACEMC1
2020-07-14,1.46,1.46,1.46,1.46,1.46,134350,196168.5,UNACEMC1
2020-07-15,1.47,1.48,1.46,1.46,1.47,110456,162149.76,UNACEMC1
2020-07-16,1.46,1.5,1.46,1.5,1.49,44316,65978,UNACEMC1
2020-07-17,1.5,1.5,1.5,1.5,1.5,10000,15000,UNACEMC1
2020-07-20,1.5,1.5,1.5,1.5,1.5,33260,49890,UNACEMC1
2020-07-21,1.51,1.51,1.5,1.5,1.5,263960,396059.9,UNACEMC1
2020-07-22,1.52,1.53,1.5,1.5,1.52,80500,122681.89,UNACEMC1
2020-07-23,1.5,1.5,1.5,1.5,1.5,136953,205429.5,UNACEMC1
2020-07-24,1.5,1.51,1.49,1.51,1.5,78430,117659,UNACEMC1
2020-07-27,1.51,1.55,1.51,1.55,1.53,41550,63620.5,UNACEMC1
2020-07-29,1.55,1.57,1.55,1.57,1.57,95491,149843.87,UNACEMC1
2020-07-30,1.57,1.59,1.57,1.59,1.58,11900,18804,UNACEMC1
2020-07-31,1.62,1.64,1.53,1.55,1.57,481680,756370.18,UNACEMC1
2020-08-03,1.55,1.55,1.54,1.54,1.55,78433,121506.15,UNACEMC1
2020-08-04,1.51,1.52,1.51,1.51,1.51,123420,186412.4,UNACEMC1
2020-08-05,1.51,1.51,1.5,1.51,1.5,77317,116238.67,UNACEMC1
2020-08-06,1.52,1.54,1.52,1.52,1.52,370262,563581.77,UNACEMC1
2020-08-07,1.53,1.53,1.48,1.49,1.5,199148,298126.62,UNACEMC1
2020-08-10,1.49,1.49,1.45,1.46,1.47,106817,157061.27,UNACEMC1
2020-08-11,1.47,1.47,1.46,1.46,1.46,21367,31292.92,UNACEMC1
2020-08-12,1.48,1.49,1.48,1.48,1.48,49526,73508.74,UNACEMC1
2020-08-13,1.49,1.49,1.49,1.49,1.49,7300,10877,UNACEMC1
2020-08-14,1.49,1.52,1.49,1.5,1.5,171248,257308.2,UNACEMC1
2020-08-17,1.48,1.48,1.46,1.46,1.47,20238,29726.68,UNACEMC1
2020-08-18,1.47,1.47,1.45,1.47,1.46,160295,234493.15,UNACEMC1
2020-08-19,1.47,1.48,1.47,1.47,1.47,170780,251396.6,UNACEMC1
2020-08-20,1.46,1.46,1.45,1.45,1.45,788652,1143681.4,UNACEMC1
2020-08-21,1.45,1.45,1.44,1.45,1.44,88249,127450.1,UNACEMC1
2020-08-24,1.45,1.45,1.45,1.45,1.45,50745,73570.25,UNACEMC1
2020-08-25,1.45,1.47,1.45,1.47,1.47,42500,62275,UNACEMC1
2020-08-26,1.45,1.46,1.45,1.45,1.45,99575,144458.65,UNACEMC1
2020-08-27,1.46,1.46,1.45,1.46,1.46,22000,32050,UNACEMC1
2020-08-28,1.46,1.46,1.45,1.46,1.45,1330217,1932016.66,UNACEMC1
2020-08-31,1.41,1.45,1.41,1.45,1.45,120905,174783.41,UNACEMC1
2020-09-01,1.46,1.46,1.46,1.46,1.46,15000,21900,UNACEMC1
2020-09-02,1.46,1.5,1.46,1.46,1.47,47720,70331.2,UNACEMC1
2020-09-03,1.48,1.48,1.46,1.46,1.48,121339,179279.51,UNACEMC1
2020-09-04,1.48,1.48,1.46,1.48,1.47,126770,185726.64,UNACEMC1
2020-09-07,1.48,1.48,1.46,1.48,1.47,0,0,UNACEMC1
2020-09-08,1.48,1.48,1.46,1.46,1.47,31634,46550,UNACEMC1
2020-09-09,1.48,1.48,1.46,1.46,1.47,1005,1467.3,UNACEMC1
2020-09-10,1.46,1.46,1.44,1.44,1.45,40230,58195.8,UNACEMC1
2020-09-11,1.4,1.41,1.4,1.41,1.4,80940,113705.4,UNACEMC1
2020-09-14,1.4,1.41,1.4,1.41,1.4,0,0,UNACEMC1
2020-09-15,1.41,1.41,1.41,1.41,1.41,15300,21573,UNACEMC1
2020-09-16,1.42,1.42,1.42,1.42,1.42,32460,46115.5,UNACEMC1
2020-09-17,1.43,1.43,1.43,1.43,1.43,10000,14300,UNACEMC1
2020-09-18,1.45,1.45,1.4,1.4,1.4,1760194,2472833.85,UNACEMC1
2020-09-21,1.4,1.42,1.4,1.42,1.42,45300,64250,UNACEMC1
2020-09-22,1.4,1.42,1.4,1.42,1.42,0,0,UNACEMC1
2020-09-23,1.43,1.43,1.4,1.4,1.41,100341,141612.72,UNACEMC1
2020-09-24,1.42,1.42,1.42,1.42,1.42,19694,27965.48,UNACEMC1
2020-09-25,1.42,1.43,1.42,1.43,1.42,54177,77156.11,UNACEMC1
2020-09-28,1.43,1.43,1.43,1.43,1.43,15889,22746.27,UNACEMC1
2020-09-29,1.4,1.43,1.4,1.43,1.42,105508,149898.8,UNACEMC1
2020-09-30,1.4,1.43,1.4,1.43,1.37,751,1028.87,UNACEMC1
2020-10-01,1.45,1.45,1.44,1.44,1.44,34895,50297.75,UNACEMC1
2020-10-02,1.44,1.44,1.44,1.44,1.44,15900,22896,UNACEMC1
2020-10-05,1.42,1.42,1.4,1.4,1.4,1104000,1546188.6,UNACEMC1
2020-10-06,1.38,1.38,1.37,1.37,1.38,120058,165438.54,UNACEMC1
2020-10-07,1.38,1.38,1.37,1.37,1.38,0,0,UNACEMC1
2020-10-08,1.37,1.37,1.37,1.37,1.37,8500,11645,UNACEMC1
2020-10-09,1.37,1.37,1.37,1.37,1.37,95745,0,UNACEMC1
2020-10-12,1.37,1.37,1.37,1.37,1.37,25000,34250,UNACEMC1
2020-10-13,1.37,1.37,1.37,1.37,1.37,37211,50979.07,UNACEMC1
2020-10-14,1.37,1.38,1.37,1.38,1.37,71000,97320,UNACEMC1
2020-10-15,1.4,1.4,1.4,1.4,1.4,82338,115273.2,UNACEMC1
2020-10-16,1.4,1.4,1.4,1.4,1.4,4178,5849.2,UNACEMC1
2020-10-19,1.4,1.4,1.4,1.4,1.4,328005,459207,UNACEMC1
2020-10-20,1.4,1.4,1.38,1.38,1.4,92338,129073.2,UNACEMC1
2020-10-21,1.37,1.38,1.35,1.35,1.36,511580,695671.65,UNACEMC1
2020-10-22,1.35,1.35,1.35,1.35,1.35,59319,80080.65,UNACEMC1
2020-10-23,1.35,1.35,1.3,1.31,1.31,1285143,1681649.69,UNACEMC1
2020-10-26,1.35,1.35,1.3,1.31,1.31,0,0,UNACEMC1
2020-10-27,1.33,1.34,1.33,1.34,1.33,14500,19325,UNACEMC1
2020-10-28,1.35,1.35,1.35,1.35,1.35,50086,67616.1,UNACEMC1
2020-10-29,1.34,1.34,1.34,1.34,1.34,88000,117920,UNACEMC1
2020-10-30,1.31,1.32,1.3,1.3,1.31,110472,144532.48,UNACEMC1
2020-11-02,1.3,1.3,1.3,1.3,1.3,72700,94510,UNACEMC1
2020-11-03,1.3,1.3,1.3,1.3,1.3,112000,145600,UNACEMC1
2020-11-04,1.3,1.31,1.3,1.3,1.3,1010933,1315681.23,UNACEMC1
2020-11-05,1.3,1.3,1.3,1.3,1.3,150501,195651.3,UNACEMC1
2020-11-06,1.29,1.3,1.29,1.3,1.29,129488,167431.02,UNACEMC1
2020-11-09,1.31,1.42,1.31,1.42,1.39,626791,869352.41,UNACEMC1
2020-11-10,1.35,1.35,1.35,1.35,1.35,20166,27130.62,UNACEMC1
2020-11-11,1.35,1.36,1.33,1.35,1.35,356514,482903.62,UNACEMC1
2020-11-12,1.35,1.35,1.33,1.33,1.35,534404,719900.4,UNACEMC1
2020-11-13,1.34,1.35,1.34,1.35,1.34,290184,389245.66,UNACEMC1
2020-11-16,1.35,1.35,1.35,1.35,1.35,594028,801937.8,UNACEMC1
2020-11-17,1.4,1.42,1.39,1.41,1.39,527227,734275.27,UNACEMC1
2020-11-18,1.43,1.5,1.43,1.5,1.46,69504,101405.92,UNACEMC1
2020-11-19,1.5,1.5,1.5,1.5,1.5,130158,195380,UNACEMC1
2020-11-20,1.5,1.5,1.5,1.5,1.5,0,0,UNACEMC1
2020-11-23,1.45,1.45,1.45,1.45,1.45,18000,26100,UNACEMC1
2020-11-24,1.5,1.5,1.43,1.5,1.47,620742,913860.08,UNACEMC1
2020-11-25,1.5,1.52,1.5,1.5,1.5,500830,751649.6,UNACEMC1
2020-11-26,1.47,1.47,1.47,1.47,1.47,71000,104400,UNACEMC1
